-- phpMyAdmin SQL Dump
-- version 5.1.0
-- https://www.phpmyadmin.net/
--
-- Host: 127.0.0.1
-- Waktu pembuatan: 25 Jul 2022 pada 06.27
-- Versi server: 10.4.18-MariaDB
-- Versi PHP: 8.0.3

SET SQL_MODE = "NO_AUTO_VALUE_ON_ZERO";
START TRANSACTION;
SET time_zone = "+00:00";


/*!40101 SET @OLD_CHARACTER_SET_CLIENT=@@CHARACTER_SET_CLIENT */;
/*!40101 SET @OLD_CHARACTER_SET_RESULTS=@@CHARACTER_SET_RESULTS */;
/*!40101 SET @OLD_COLLATION_CONNECTION=@@COLLATION_CONNECTION */;
/*!40101 SET NAMES utf8mb4 */;

--
-- Database: `raung`
--

-- --------------------------------------------------------

--
-- Struktur dari tabel `cetak_pdfs`
--

CREATE TABLE `cetak_pdfs` (
  `id` bigint(20) UNSIGNED NOT NULL,
  `pesanan_id` bigint(20) UNSIGNED NOT NULL,
  `ketua_id` bigint(20) UNSIGNED NOT NULL,
  `created_at` timestamp NULL DEFAULT NULL,
  `updated_at` timestamp NULL DEFAULT NULL
) ENGINE=InnoDB DEFAULT CHARSET=utf8mb4 COLLATE=utf8mb4_unicode_ci;

--
-- Dumping data untuk tabel `cetak_pdfs`
--

INSERT INTO `cetak_pdfs` (`id`, `pesanan_id`, `ketua_id`, `created_at`, `updated_at`) VALUES
(1, 1, 1, '2022-01-30 12:14:24', '2022-01-30 12:14:24'),
(2, 2, 2, '2022-01-30 14:10:18', '2022-01-30 14:10:18'),
(3, 3, 3, '2022-01-30 14:13:40', '2022-01-30 14:13:40'),
(4, 4, 4, '2022-02-07 15:05:45', '2022-02-07 15:05:45');

-- --------------------------------------------------------

--
-- Struktur dari tabel `cities`
--

CREATE TABLE `cities` (
  `id` bigint(20) UNSIGNED NOT NULL,
  `province_id` int(10) UNSIGNED NOT NULL,
  `city_id` int(10) UNSIGNED NOT NULL,
  `name` varchar(255) COLLATE utf8mb4_unicode_ci NOT NULL,
  `created_at` timestamp NULL DEFAULT NULL,
  `updated_at` timestamp NULL DEFAULT NULL
) ENGINE=InnoDB DEFAULT CHARSET=utf8mb4 COLLATE=utf8mb4_unicode_ci;

--
-- Dumping data untuk tabel `cities`
--

INSERT INTO `cities` (`id`, `province_id`, `city_id`, `name`, `created_at`, `updated_at`) VALUES
(1, 1, 17, 'Badung', '2021-08-04 04:33:07', '2021-08-04 04:33:07'),
(2, 1, 32, 'Bangli', '2021-08-04 04:33:07', '2021-08-04 04:33:07'),
(3, 1, 94, 'Buleleng', '2021-08-04 04:33:07', '2021-08-04 04:33:07'),
(4, 1, 114, 'Denpasar', '2021-08-04 04:33:07', '2021-08-04 04:33:07'),
(5, 1, 128, 'Gianyar', '2021-08-04 04:33:07', '2021-08-04 04:33:07'),
(6, 1, 161, 'Jembrana', '2021-08-04 04:33:07', '2021-08-04 04:33:07'),
(7, 1, 170, 'Karangasem', '2021-08-04 04:33:07', '2021-08-04 04:33:07'),
(8, 1, 197, 'Klungkung', '2021-08-04 04:33:07', '2021-08-04 04:33:07'),
(9, 1, 447, 'Tabanan', '2021-08-04 04:33:07', '2021-08-04 04:33:07'),
(10, 2, 27, 'Bangka', '2021-08-04 04:33:09', '2021-08-04 04:33:09'),
(11, 2, 28, 'Bangka Barat', '2021-08-04 04:33:09', '2021-08-04 04:33:09'),
(12, 2, 29, 'Bangka Selatan', '2021-08-04 04:33:09', '2021-08-04 04:33:09'),
(13, 2, 30, 'Bangka Tengah', '2021-08-04 04:33:09', '2021-08-04 04:33:09'),
(14, 2, 56, 'Belitung', '2021-08-04 04:33:09', '2021-08-04 04:33:09'),
(15, 2, 57, 'Belitung Timur', '2021-08-04 04:33:09', '2021-08-04 04:33:09'),
(16, 2, 334, 'Pangkal Pinang', '2021-08-04 04:33:09', '2021-08-04 04:33:09'),
(17, 3, 106, 'Cilegon', '2021-08-04 04:33:10', '2021-08-04 04:33:10'),
(18, 3, 232, 'Lebak', '2021-08-04 04:33:10', '2021-08-04 04:33:10'),
(19, 3, 331, 'Pandeglang', '2021-08-04 04:33:10', '2021-08-04 04:33:10'),
(20, 3, 402, 'Serang', '2021-08-04 04:33:10', '2021-08-04 04:33:10'),
(21, 3, 403, 'Serang', '2021-08-04 04:33:10', '2021-08-04 04:33:10'),
(22, 3, 455, 'Tangerang', '2021-08-04 04:33:10', '2021-08-04 04:33:10'),
(23, 3, 456, 'Tangerang', '2021-08-04 04:33:10', '2021-08-04 04:33:10'),
(24, 3, 457, 'Tangerang Selatan', '2021-08-04 04:33:10', '2021-08-04 04:33:10'),
(25, 4, 62, 'Bengkulu', '2021-08-04 04:33:12', '2021-08-04 04:33:12'),
(26, 4, 63, 'Bengkulu Selatan', '2021-08-04 04:33:12', '2021-08-04 04:33:12'),
(27, 4, 64, 'Bengkulu Tengah', '2021-08-04 04:33:12', '2021-08-04 04:33:12'),
(28, 4, 65, 'Bengkulu Utara', '2021-08-04 04:33:12', '2021-08-04 04:33:12'),
(29, 4, 175, 'Kaur', '2021-08-04 04:33:12', '2021-08-04 04:33:12'),
(30, 4, 183, 'Kepahiang', '2021-08-04 04:33:12', '2021-08-04 04:33:12'),
(31, 4, 233, 'Lebong', '2021-08-04 04:33:12', '2021-08-04 04:33:12'),
(32, 4, 294, 'Muko Muko', '2021-08-04 04:33:12', '2021-08-04 04:33:12'),
(33, 4, 379, 'Rejang Lebong', '2021-08-04 04:33:12', '2021-08-04 04:33:12'),
(34, 4, 397, 'Seluma', '2021-08-04 04:33:12', '2021-08-04 04:33:12'),
(35, 5, 39, 'Bantul', '2021-08-04 04:33:13', '2021-08-04 04:33:13'),
(36, 5, 135, 'Gunung Kidul', '2021-08-04 04:33:13', '2021-08-04 04:33:13'),
(37, 5, 210, 'Kulon Progo', '2021-08-04 04:33:13', '2021-08-04 04:33:13'),
(38, 5, 419, 'Sleman', '2021-08-04 04:33:13', '2021-08-04 04:33:13'),
(39, 5, 501, 'Yogyakarta', '2021-08-04 04:33:13', '2021-08-04 04:33:13'),
(40, 6, 151, 'Jakarta Barat', '2021-08-04 04:33:15', '2021-08-04 04:33:15'),
(41, 6, 152, 'Jakarta Pusat', '2021-08-04 04:33:15', '2021-08-04 04:33:15'),
(42, 6, 153, 'Jakarta Selatan', '2021-08-04 04:33:15', '2021-08-04 04:33:15'),
(43, 6, 154, 'Jakarta Timur', '2021-08-04 04:33:15', '2021-08-04 04:33:15'),
(44, 6, 155, 'Jakarta Utara', '2021-08-04 04:33:15', '2021-08-04 04:33:15'),
(45, 6, 189, 'Kepulauan Seribu', '2021-08-04 04:33:15', '2021-08-04 04:33:15'),
(46, 7, 77, 'Boalemo', '2021-08-04 04:33:16', '2021-08-04 04:33:16'),
(47, 7, 88, 'Bone Bolango', '2021-08-04 04:33:16', '2021-08-04 04:33:16'),
(48, 7, 129, 'Gorontalo', '2021-08-04 04:33:16', '2021-08-04 04:33:16'),
(49, 7, 130, 'Gorontalo', '2021-08-04 04:33:16', '2021-08-04 04:33:16'),
(50, 7, 131, 'Gorontalo Utara', '2021-08-04 04:33:16', '2021-08-04 04:33:16'),
(51, 7, 361, 'Pohuwato', '2021-08-04 04:33:16', '2021-08-04 04:33:16'),
(52, 8, 50, 'Batang Hari', '2021-08-04 04:33:18', '2021-08-04 04:33:18'),
(53, 8, 97, 'Bungo', '2021-08-04 04:33:18', '2021-08-04 04:33:18'),
(54, 8, 156, 'Jambi', '2021-08-04 04:33:18', '2021-08-04 04:33:18'),
(55, 8, 194, 'Kerinci', '2021-08-04 04:33:18', '2021-08-04 04:33:18'),
(56, 8, 280, 'Merangin', '2021-08-04 04:33:18', '2021-08-04 04:33:18'),
(57, 8, 293, 'Muaro Jambi', '2021-08-04 04:33:18', '2021-08-04 04:33:18'),
(58, 8, 393, 'Sarolangun', '2021-08-04 04:33:18', '2021-08-04 04:33:18'),
(59, 8, 442, 'Sungaipenuh', '2021-08-04 04:33:18', '2021-08-04 04:33:18'),
(60, 8, 460, 'Tanjung Jabung Barat', '2021-08-04 04:33:18', '2021-08-04 04:33:18'),
(61, 8, 461, 'Tanjung Jabung Timur', '2021-08-04 04:33:18', '2021-08-04 04:33:18'),
(62, 8, 471, 'Tebo', '2021-08-04 04:33:18', '2021-08-04 04:33:18'),
(63, 9, 22, 'Bandung', '2021-08-04 04:33:19', '2021-08-04 04:33:19'),
(64, 9, 23, 'Bandung', '2021-08-04 04:33:20', '2021-08-04 04:33:20'),
(65, 9, 24, 'Bandung Barat', '2021-08-04 04:33:20', '2021-08-04 04:33:20'),
(66, 9, 34, 'Banjar', '2021-08-04 04:33:20', '2021-08-04 04:33:20'),
(67, 9, 54, 'Bekasi', '2021-08-04 04:33:20', '2021-08-04 04:33:20'),
(68, 9, 55, 'Bekasi', '2021-08-04 04:33:20', '2021-08-04 04:33:20'),
(69, 9, 78, 'Bogor', '2021-08-04 04:33:20', '2021-08-04 04:33:20'),
(70, 9, 79, 'Bogor', '2021-08-04 04:33:20', '2021-08-04 04:33:20'),
(71, 9, 103, 'Ciamis', '2021-08-04 04:33:20', '2021-08-04 04:33:20'),
(72, 9, 104, 'Cianjur', '2021-08-04 04:33:20', '2021-08-04 04:33:20'),
(73, 9, 107, 'Cimahi', '2021-08-04 04:33:20', '2021-08-04 04:33:20'),
(74, 9, 108, 'Cirebon', '2021-08-04 04:33:20', '2021-08-04 04:33:20'),
(75, 9, 109, 'Cirebon', '2021-08-04 04:33:20', '2021-08-04 04:33:20'),
(76, 9, 115, 'Depok', '2021-08-04 04:33:20', '2021-08-04 04:33:20'),
(77, 9, 126, 'Garut', '2021-08-04 04:33:20', '2021-08-04 04:33:20'),
(78, 9, 149, 'Indramayu', '2021-08-04 04:33:20', '2021-08-04 04:33:20'),
(79, 9, 171, 'Karawang', '2021-08-04 04:33:20', '2021-08-04 04:33:20'),
(80, 9, 211, 'Kuningan', '2021-08-04 04:33:20', '2021-08-04 04:33:20'),
(81, 9, 252, 'Majalengka', '2021-08-04 04:33:20', '2021-08-04 04:33:20'),
(82, 9, 332, 'Pangandaran', '2021-08-04 04:33:20', '2021-08-04 04:33:20'),
(83, 9, 376, 'Purwakarta', '2021-08-04 04:33:20', '2021-08-04 04:33:20'),
(84, 9, 428, 'Subang', '2021-08-04 04:33:20', '2021-08-04 04:33:20'),
(85, 9, 430, 'Sukabumi', '2021-08-04 04:33:20', '2021-08-04 04:33:20'),
(86, 9, 431, 'Sukabumi', '2021-08-04 04:33:20', '2021-08-04 04:33:20'),
(87, 9, 440, 'Sumedang', '2021-08-04 04:33:20', '2021-08-04 04:33:20'),
(88, 9, 468, 'Tasikmalaya', '2021-08-04 04:33:20', '2021-08-04 04:33:20'),
(89, 9, 469, 'Tasikmalaya', '2021-08-04 04:33:20', '2021-08-04 04:33:20'),
(90, 10, 37, 'Banjarnegara', '2021-08-04 04:33:21', '2021-08-04 04:33:21'),
(91, 10, 41, 'Banyumas', '2021-08-04 04:33:21', '2021-08-04 04:33:21'),
(92, 10, 49, 'Batang', '2021-08-04 04:33:21', '2021-08-04 04:33:21'),
(93, 10, 76, 'Blora', '2021-08-04 04:33:21', '2021-08-04 04:33:21'),
(94, 10, 91, 'Boyolali', '2021-08-04 04:33:21', '2021-08-04 04:33:21'),
(95, 10, 92, 'Brebes', '2021-08-04 04:33:21', '2021-08-04 04:33:21'),
(96, 10, 105, 'Cilacap', '2021-08-04 04:33:21', '2021-08-04 04:33:21'),
(97, 10, 113, 'Demak', '2021-08-04 04:33:21', '2021-08-04 04:33:21'),
(98, 10, 134, 'Grobogan', '2021-08-04 04:33:21', '2021-08-04 04:33:21'),
(99, 10, 163, 'Jepara', '2021-08-04 04:33:21', '2021-08-04 04:33:21'),
(100, 10, 169, 'Karanganyar', '2021-08-04 04:33:21', '2021-08-04 04:33:21'),
(101, 10, 177, 'Kebumen', '2021-08-04 04:33:21', '2021-08-04 04:33:21'),
(102, 10, 181, 'Kendal', '2021-08-04 04:33:21', '2021-08-04 04:33:21'),
(103, 10, 196, 'Klaten', '2021-08-04 04:33:21', '2021-08-04 04:33:21'),
(104, 10, 209, 'Kudus', '2021-08-04 04:33:21', '2021-08-04 04:33:21'),
(105, 10, 249, 'Magelang', '2021-08-04 04:33:21', '2021-08-04 04:33:21'),
(106, 10, 250, 'Magelang', '2021-08-04 04:33:21', '2021-08-04 04:33:21'),
(107, 10, 344, 'Pati', '2021-08-04 04:33:21', '2021-08-04 04:33:21'),
(108, 10, 348, 'Pekalongan', '2021-08-04 04:33:21', '2021-08-04 04:33:21'),
(109, 10, 349, 'Pekalongan', '2021-08-04 04:33:21', '2021-08-04 04:33:21'),
(110, 10, 352, 'Pemalang', '2021-08-04 04:33:21', '2021-08-04 04:33:21'),
(111, 10, 375, 'Purbalingga', '2021-08-04 04:33:21', '2021-08-04 04:33:21'),
(112, 10, 377, 'Purworejo', '2021-08-04 04:33:21', '2021-08-04 04:33:21'),
(113, 10, 380, 'Rembang', '2021-08-04 04:33:21', '2021-08-04 04:33:21'),
(114, 10, 386, 'Salatiga', '2021-08-04 04:33:21', '2021-08-04 04:33:21'),
(115, 10, 398, 'Semarang', '2021-08-04 04:33:21', '2021-08-04 04:33:21'),
(116, 10, 399, 'Semarang', '2021-08-04 04:33:21', '2021-08-04 04:33:21'),
(117, 10, 427, 'Sragen', '2021-08-04 04:33:21', '2021-08-04 04:33:21'),
(118, 10, 433, 'Sukoharjo', '2021-08-04 04:33:21', '2021-08-04 04:33:21'),
(119, 10, 445, 'Surakarta (Solo)', '2021-08-04 04:33:21', '2021-08-04 04:33:21'),
(120, 10, 472, 'Tegal', '2021-08-04 04:33:21', '2021-08-04 04:33:21'),
(121, 10, 473, 'Tegal', '2021-08-04 04:33:21', '2021-08-04 04:33:21'),
(122, 10, 476, 'Temanggung', '2021-08-04 04:33:21', '2021-08-04 04:33:21'),
(123, 10, 497, 'Wonogiri', '2021-08-04 04:33:21', '2021-08-04 04:33:21'),
(124, 10, 498, 'Wonosobo', '2021-08-04 04:33:21', '2021-08-04 04:33:21'),
(125, 11, 31, 'Bangkalan', '2021-08-04 04:33:23', '2021-08-04 04:33:23'),
(126, 11, 42, 'Banyuwangi', '2021-08-04 04:33:23', '2021-08-04 04:33:23'),
(127, 11, 51, 'Batu', '2021-08-04 04:33:23', '2021-08-04 04:33:23'),
(128, 11, 74, 'Blitar', '2021-08-04 04:33:23', '2021-08-04 04:33:23'),
(129, 11, 75, 'Blitar', '2021-08-04 04:33:23', '2021-08-04 04:33:23'),
(130, 11, 80, 'Bojonegoro', '2021-08-04 04:33:23', '2021-08-04 04:33:23'),
(131, 11, 86, 'Bondowoso', '2021-08-04 04:33:23', '2021-08-04 04:33:23'),
(132, 11, 133, 'Gresik', '2021-08-04 04:33:23', '2021-08-04 04:33:23'),
(133, 11, 160, 'Jember', '2021-08-04 04:33:23', '2021-08-04 04:33:23'),
(134, 11, 164, 'Jombang', '2021-08-04 04:33:23', '2021-08-04 04:33:23'),
(135, 11, 178, 'Kediri', '2021-08-04 04:33:23', '2021-08-04 04:33:23'),
(136, 11, 179, 'Kediri', '2021-08-04 04:33:23', '2021-08-04 04:33:23'),
(137, 11, 222, 'Lamongan', '2021-08-04 04:33:23', '2021-08-04 04:33:23'),
(138, 11, 243, 'Lumajang', '2021-08-04 04:33:23', '2021-08-04 04:33:23'),
(139, 11, 247, 'Madiun', '2021-08-04 04:33:23', '2021-08-04 04:33:23'),
(140, 11, 248, 'Madiun', '2021-08-04 04:33:23', '2021-08-04 04:33:23'),
(141, 11, 251, 'Magetan', '2021-08-04 04:33:23', '2021-08-04 04:33:23'),
(142, 11, 255, 'Malang', '2021-08-04 04:33:23', '2021-08-04 04:33:23'),
(143, 11, 256, 'Malang', '2021-08-04 04:33:23', '2021-08-04 04:33:23'),
(144, 11, 289, 'Mojokerto', '2021-08-04 04:33:23', '2021-08-04 04:33:23'),
(145, 11, 290, 'Mojokerto', '2021-08-04 04:33:23', '2021-08-04 04:33:23'),
(146, 11, 305, 'Nganjuk', '2021-08-04 04:33:23', '2021-08-04 04:33:23'),
(147, 11, 306, 'Ngawi', '2021-08-04 04:33:23', '2021-08-04 04:33:23'),
(148, 11, 317, 'Pacitan', '2021-08-04 04:33:23', '2021-08-04 04:33:23'),
(149, 11, 330, 'Pamekasan', '2021-08-04 04:33:23', '2021-08-04 04:33:23'),
(150, 11, 342, 'Pasuruan', '2021-08-04 04:33:23', '2021-08-04 04:33:23'),
(151, 11, 343, 'Pasuruan', '2021-08-04 04:33:23', '2021-08-04 04:33:23'),
(152, 11, 363, 'Ponorogo', '2021-08-04 04:33:23', '2021-08-04 04:33:23'),
(153, 11, 369, 'Probolinggo', '2021-08-04 04:33:23', '2021-08-04 04:33:23'),
(154, 11, 370, 'Probolinggo', '2021-08-04 04:33:23', '2021-08-04 04:33:23'),
(155, 11, 390, 'Sampang', '2021-08-04 04:33:23', '2021-08-04 04:33:23'),
(156, 11, 409, 'Sidoarjo', '2021-08-04 04:33:23', '2021-08-04 04:33:23'),
(157, 11, 418, 'Situbondo', '2021-08-04 04:33:23', '2021-08-04 04:33:23'),
(158, 11, 441, 'Sumenep', '2021-08-04 04:33:23', '2021-08-04 04:33:23'),
(159, 11, 444, 'Surabaya', '2021-08-04 04:33:23', '2021-08-04 04:33:23'),
(160, 11, 487, 'Trenggalek', '2021-08-04 04:33:23', '2021-08-04 04:33:23'),
(161, 11, 489, 'Tuban', '2021-08-04 04:33:23', '2021-08-04 04:33:23'),
(162, 11, 492, 'Tulungagung', '2021-08-04 04:33:23', '2021-08-04 04:33:23'),
(163, 12, 61, 'Bengkayang', '2021-08-04 04:33:24', '2021-08-04 04:33:24'),
(164, 12, 168, 'Kapuas Hulu', '2021-08-04 04:33:24', '2021-08-04 04:33:24'),
(165, 12, 176, 'Kayong Utara', '2021-08-04 04:33:24', '2021-08-04 04:33:24'),
(166, 12, 195, 'Ketapang', '2021-08-04 04:33:24', '2021-08-04 04:33:24'),
(167, 12, 208, 'Kubu Raya', '2021-08-04 04:33:24', '2021-08-04 04:33:24'),
(168, 12, 228, 'Landak', '2021-08-04 04:33:24', '2021-08-04 04:33:24'),
(169, 12, 279, 'Melawi', '2021-08-04 04:33:24', '2021-08-04 04:33:24'),
(170, 12, 364, 'Pontianak', '2021-08-04 04:33:24', '2021-08-04 04:33:24'),
(171, 12, 365, 'Pontianak', '2021-08-04 04:33:24', '2021-08-04 04:33:24'),
(172, 12, 388, 'Sambas', '2021-08-04 04:33:24', '2021-08-04 04:33:24'),
(173, 12, 391, 'Sanggau', '2021-08-04 04:33:24', '2021-08-04 04:33:24'),
(174, 12, 395, 'Sekadau', '2021-08-04 04:33:24', '2021-08-04 04:33:24'),
(175, 12, 415, 'Singkawang', '2021-08-04 04:33:24', '2021-08-04 04:33:24'),
(176, 12, 417, 'Sintang', '2021-08-04 04:33:24', '2021-08-04 04:33:24'),
(177, 13, 18, 'Balangan', '2021-08-04 04:33:26', '2021-08-04 04:33:26'),
(178, 13, 33, 'Banjar', '2021-08-04 04:33:26', '2021-08-04 04:33:26'),
(179, 13, 35, 'Banjarbaru', '2021-08-04 04:33:26', '2021-08-04 04:33:26'),
(180, 13, 36, 'Banjarmasin', '2021-08-04 04:33:26', '2021-08-04 04:33:26'),
(181, 13, 43, 'Barito Kuala', '2021-08-04 04:33:26', '2021-08-04 04:33:26'),
(182, 13, 143, 'Hulu Sungai Selatan', '2021-08-04 04:33:26', '2021-08-04 04:33:26'),
(183, 13, 144, 'Hulu Sungai Tengah', '2021-08-04 04:33:26', '2021-08-04 04:33:26'),
(184, 13, 145, 'Hulu Sungai Utara', '2021-08-04 04:33:26', '2021-08-04 04:33:26'),
(185, 13, 203, 'Kotabaru', '2021-08-04 04:33:26', '2021-08-04 04:33:26'),
(186, 13, 446, 'Tabalong', '2021-08-04 04:33:26', '2021-08-04 04:33:26'),
(187, 13, 452, 'Tanah Bumbu', '2021-08-04 04:33:26', '2021-08-04 04:33:26'),
(188, 13, 454, 'Tanah Laut', '2021-08-04 04:33:26', '2021-08-04 04:33:26'),
(189, 13, 466, 'Tapin', '2021-08-04 04:33:26', '2021-08-04 04:33:26'),
(190, 14, 44, 'Barito Selatan', '2021-08-04 04:33:28', '2021-08-04 04:33:28'),
(191, 14, 45, 'Barito Timur', '2021-08-04 04:33:28', '2021-08-04 04:33:28'),
(192, 14, 46, 'Barito Utara', '2021-08-04 04:33:28', '2021-08-04 04:33:28'),
(193, 14, 136, 'Gunung Mas', '2021-08-04 04:33:28', '2021-08-04 04:33:28'),
(194, 14, 167, 'Kapuas', '2021-08-04 04:33:28', '2021-08-04 04:33:28'),
(195, 14, 174, 'Katingan', '2021-08-04 04:33:28', '2021-08-04 04:33:28'),
(196, 14, 205, 'Kotawaringin Barat', '2021-08-04 04:33:28', '2021-08-04 04:33:28'),
(197, 14, 206, 'Kotawaringin Timur', '2021-08-04 04:33:28', '2021-08-04 04:33:28'),
(198, 14, 221, 'Lamandau', '2021-08-04 04:33:28', '2021-08-04 04:33:28'),
(199, 14, 296, 'Murung Raya', '2021-08-04 04:33:28', '2021-08-04 04:33:28'),
(200, 14, 326, 'Palangka Raya', '2021-08-04 04:33:28', '2021-08-04 04:33:28'),
(201, 14, 371, 'Pulang Pisau', '2021-08-04 04:33:28', '2021-08-04 04:33:28'),
(202, 14, 405, 'Seruyan', '2021-08-04 04:33:28', '2021-08-04 04:33:28'),
(203, 14, 432, 'Sukamara', '2021-08-04 04:33:28', '2021-08-04 04:33:28'),
(204, 15, 19, 'Balikpapan', '2021-08-04 04:33:29', '2021-08-04 04:33:29'),
(205, 15, 66, 'Berau', '2021-08-04 04:33:29', '2021-08-04 04:33:29'),
(206, 15, 89, 'Bontang', '2021-08-04 04:33:29', '2021-08-04 04:33:29'),
(207, 15, 214, 'Kutai Barat', '2021-08-04 04:33:29', '2021-08-04 04:33:29'),
(208, 15, 215, 'Kutai Kartanegara', '2021-08-04 04:33:29', '2021-08-04 04:33:29'),
(209, 15, 216, 'Kutai Timur', '2021-08-04 04:33:29', '2021-08-04 04:33:29'),
(210, 15, 341, 'Paser', '2021-08-04 04:33:29', '2021-08-04 04:33:29'),
(211, 15, 354, 'Penajam Paser Utara', '2021-08-04 04:33:29', '2021-08-04 04:33:29'),
(212, 15, 387, 'Samarinda', '2021-08-04 04:33:29', '2021-08-04 04:33:29'),
(213, 16, 96, 'Bulungan (Bulongan)', '2021-08-04 04:33:31', '2021-08-04 04:33:31'),
(214, 16, 257, 'Malinau', '2021-08-04 04:33:31', '2021-08-04 04:33:31'),
(215, 16, 311, 'Nunukan', '2021-08-04 04:33:31', '2021-08-04 04:33:31'),
(216, 16, 450, 'Tana Tidung', '2021-08-04 04:33:31', '2021-08-04 04:33:31'),
(217, 16, 467, 'Tarakan', '2021-08-04 04:33:31', '2021-08-04 04:33:31'),
(218, 17, 48, 'Batam', '2021-08-04 04:33:32', '2021-08-04 04:33:32'),
(219, 17, 71, 'Bintan', '2021-08-04 04:33:32', '2021-08-04 04:33:32'),
(220, 17, 172, 'Karimun', '2021-08-04 04:33:32', '2021-08-04 04:33:32'),
(221, 17, 184, 'Kepulauan Anambas', '2021-08-04 04:33:32', '2021-08-04 04:33:32'),
(222, 17, 237, 'Lingga', '2021-08-04 04:33:32', '2021-08-04 04:33:32'),
(223, 17, 302, 'Natuna', '2021-08-04 04:33:32', '2021-08-04 04:33:32'),
(224, 17, 462, 'Tanjung Pinang', '2021-08-04 04:33:32', '2021-08-04 04:33:32'),
(225, 18, 21, 'Bandar Lampung', '2021-08-04 04:33:34', '2021-08-04 04:33:34'),
(226, 18, 223, 'Lampung Barat', '2021-08-04 04:33:34', '2021-08-04 04:33:34'),
(227, 18, 224, 'Lampung Selatan', '2021-08-04 04:33:34', '2021-08-04 04:33:34'),
(228, 18, 225, 'Lampung Tengah', '2021-08-04 04:33:34', '2021-08-04 04:33:34'),
(229, 18, 226, 'Lampung Timur', '2021-08-04 04:33:34', '2021-08-04 04:33:34'),
(230, 18, 227, 'Lampung Utara', '2021-08-04 04:33:34', '2021-08-04 04:33:34'),
(231, 18, 282, 'Mesuji', '2021-08-04 04:33:34', '2021-08-04 04:33:34'),
(232, 18, 283, 'Metro', '2021-08-04 04:33:34', '2021-08-04 04:33:34'),
(233, 18, 355, 'Pesawaran', '2021-08-04 04:33:34', '2021-08-04 04:33:34'),
(234, 18, 356, 'Pesisir Barat', '2021-08-04 04:33:34', '2021-08-04 04:33:34'),
(235, 18, 368, 'Pringsewu', '2021-08-04 04:33:34', '2021-08-04 04:33:34'),
(236, 18, 458, 'Tanggamus', '2021-08-04 04:33:34', '2021-08-04 04:33:34'),
(237, 18, 490, 'Tulang Bawang', '2021-08-04 04:33:34', '2021-08-04 04:33:34'),
(238, 18, 491, 'Tulang Bawang Barat', '2021-08-04 04:33:34', '2021-08-04 04:33:34'),
(239, 18, 496, 'Way Kanan', '2021-08-04 04:33:34', '2021-08-04 04:33:34'),
(240, 19, 14, 'Ambon', '2021-08-04 04:33:35', '2021-08-04 04:33:35'),
(241, 19, 99, 'Buru', '2021-08-04 04:33:35', '2021-08-04 04:33:35'),
(242, 19, 100, 'Buru Selatan', '2021-08-04 04:33:35', '2021-08-04 04:33:35'),
(243, 19, 185, 'Kepulauan Aru', '2021-08-04 04:33:35', '2021-08-04 04:33:35'),
(244, 19, 258, 'Maluku Barat Daya', '2021-08-04 04:33:35', '2021-08-04 04:33:35'),
(245, 19, 259, 'Maluku Tengah', '2021-08-04 04:33:35', '2021-08-04 04:33:35'),
(246, 19, 260, 'Maluku Tenggara', '2021-08-04 04:33:35', '2021-08-04 04:33:35'),
(247, 19, 261, 'Maluku Tenggara Barat', '2021-08-04 04:33:35', '2021-08-04 04:33:35'),
(248, 19, 400, 'Seram Bagian Barat', '2021-08-04 04:33:35', '2021-08-04 04:33:35'),
(249, 19, 401, 'Seram Bagian Timur', '2021-08-04 04:33:35', '2021-08-04 04:33:35'),
(250, 19, 488, 'Tual', '2021-08-04 04:33:35', '2021-08-04 04:33:35'),
(251, 20, 138, 'Halmahera Barat', '2021-08-04 04:33:37', '2021-08-04 04:33:37'),
(252, 20, 139, 'Halmahera Selatan', '2021-08-04 04:33:37', '2021-08-04 04:33:37'),
(253, 20, 140, 'Halmahera Tengah', '2021-08-04 04:33:37', '2021-08-04 04:33:37'),
(254, 20, 141, 'Halmahera Timur', '2021-08-04 04:33:37', '2021-08-04 04:33:37'),
(255, 20, 142, 'Halmahera Utara', '2021-08-04 04:33:37', '2021-08-04 04:33:37'),
(256, 20, 191, 'Kepulauan Sula', '2021-08-04 04:33:37', '2021-08-04 04:33:37'),
(257, 20, 372, 'Pulau Morotai', '2021-08-04 04:33:37', '2021-08-04 04:33:37'),
(258, 20, 477, 'Ternate', '2021-08-04 04:33:37', '2021-08-04 04:33:37'),
(259, 20, 478, 'Tidore Kepulauan', '2021-08-04 04:33:37', '2021-08-04 04:33:37'),
(260, 21, 1, 'Aceh Barat', '2021-08-04 04:33:39', '2021-08-04 04:33:39'),
(261, 21, 2, 'Aceh Barat Daya', '2021-08-04 04:33:39', '2021-08-04 04:33:39'),
(262, 21, 3, 'Aceh Besar', '2021-08-04 04:33:39', '2021-08-04 04:33:39'),
(263, 21, 4, 'Aceh Jaya', '2021-08-04 04:33:39', '2021-08-04 04:33:39'),
(264, 21, 5, 'Aceh Selatan', '2021-08-04 04:33:39', '2021-08-04 04:33:39'),
(265, 21, 6, 'Aceh Singkil', '2021-08-04 04:33:39', '2021-08-04 04:33:39'),
(266, 21, 7, 'Aceh Tamiang', '2021-08-04 04:33:39', '2021-08-04 04:33:39'),
(267, 21, 8, 'Aceh Tengah', '2021-08-04 04:33:39', '2021-08-04 04:33:39'),
(268, 21, 9, 'Aceh Tenggara', '2021-08-04 04:33:39', '2021-08-04 04:33:39'),
(269, 21, 10, 'Aceh Timur', '2021-08-04 04:33:39', '2021-08-04 04:33:39'),
(270, 21, 11, 'Aceh Utara', '2021-08-04 04:33:39', '2021-08-04 04:33:39'),
(271, 21, 20, 'Banda Aceh', '2021-08-04 04:33:39', '2021-08-04 04:33:39'),
(272, 21, 59, 'Bener Meriah', '2021-08-04 04:33:39', '2021-08-04 04:33:39'),
(273, 21, 72, 'Bireuen', '2021-08-04 04:33:39', '2021-08-04 04:33:39'),
(274, 21, 127, 'Gayo Lues', '2021-08-04 04:33:39', '2021-08-04 04:33:39'),
(275, 21, 230, 'Langsa', '2021-08-04 04:33:39', '2021-08-04 04:33:39'),
(276, 21, 235, 'Lhokseumawe', '2021-08-04 04:33:39', '2021-08-04 04:33:39'),
(277, 21, 300, 'Nagan Raya', '2021-08-04 04:33:39', '2021-08-04 04:33:39'),
(278, 21, 358, 'Pidie', '2021-08-04 04:33:39', '2021-08-04 04:33:39'),
(279, 21, 359, 'Pidie Jaya', '2021-08-04 04:33:39', '2021-08-04 04:33:39'),
(280, 21, 384, 'Sabang', '2021-08-04 04:33:39', '2021-08-04 04:33:39'),
(281, 21, 414, 'Simeulue', '2021-08-04 04:33:39', '2021-08-04 04:33:39'),
(282, 21, 429, 'Subulussalam', '2021-08-04 04:33:39', '2021-08-04 04:33:39'),
(283, 22, 68, 'Bima', '2021-08-04 04:33:40', '2021-08-04 04:33:40'),
(284, 22, 69, 'Bima', '2021-08-04 04:33:40', '2021-08-04 04:33:40'),
(285, 22, 118, 'Dompu', '2021-08-04 04:33:40', '2021-08-04 04:33:40'),
(286, 22, 238, 'Lombok Barat', '2021-08-04 04:33:40', '2021-08-04 04:33:40'),
(287, 22, 239, 'Lombok Tengah', '2021-08-04 04:33:40', '2021-08-04 04:33:40'),
(288, 22, 240, 'Lombok Timur', '2021-08-04 04:33:40', '2021-08-04 04:33:40'),
(289, 22, 241, 'Lombok Utara', '2021-08-04 04:33:40', '2021-08-04 04:33:40'),
(290, 22, 276, 'Mataram', '2021-08-04 04:33:40', '2021-08-04 04:33:40'),
(291, 22, 438, 'Sumbawa', '2021-08-04 04:33:40', '2021-08-04 04:33:40'),
(292, 22, 439, 'Sumbawa Barat', '2021-08-04 04:33:40', '2021-08-04 04:33:40'),
(293, 23, 13, 'Alor', '2021-08-04 04:33:42', '2021-08-04 04:33:42'),
(294, 23, 58, 'Belu', '2021-08-04 04:33:42', '2021-08-04 04:33:42'),
(295, 23, 122, 'Ende', '2021-08-04 04:33:42', '2021-08-04 04:33:42'),
(296, 23, 125, 'Flores Timur', '2021-08-04 04:33:42', '2021-08-04 04:33:42'),
(297, 23, 212, 'Kupang', '2021-08-04 04:33:42', '2021-08-04 04:33:42'),
(298, 23, 213, 'Kupang', '2021-08-04 04:33:42', '2021-08-04 04:33:42'),
(299, 23, 234, 'Lembata', '2021-08-04 04:33:42', '2021-08-04 04:33:42'),
(300, 23, 269, 'Manggarai', '2021-08-04 04:33:42', '2021-08-04 04:33:42'),
(301, 23, 270, 'Manggarai Barat', '2021-08-04 04:33:42', '2021-08-04 04:33:42'),
(302, 23, 271, 'Manggarai Timur', '2021-08-04 04:33:42', '2021-08-04 04:33:42'),
(303, 23, 301, 'Nagekeo', '2021-08-04 04:33:42', '2021-08-04 04:33:42'),
(304, 23, 304, 'Ngada', '2021-08-04 04:33:42', '2021-08-04 04:33:42'),
(305, 23, 383, 'Rote Ndao', '2021-08-04 04:33:42', '2021-08-04 04:33:42'),
(306, 23, 385, 'Sabu Raijua', '2021-08-04 04:33:42', '2021-08-04 04:33:42'),
(307, 23, 412, 'Sikka', '2021-08-04 04:33:42', '2021-08-04 04:33:42'),
(308, 23, 434, 'Sumba Barat', '2021-08-04 04:33:42', '2021-08-04 04:33:42'),
(309, 23, 435, 'Sumba Barat Daya', '2021-08-04 04:33:42', '2021-08-04 04:33:42'),
(310, 23, 436, 'Sumba Tengah', '2021-08-04 04:33:42', '2021-08-04 04:33:42'),
(311, 23, 437, 'Sumba Timur', '2021-08-04 04:33:42', '2021-08-04 04:33:42'),
(312, 23, 479, 'Timor Tengah Selatan', '2021-08-04 04:33:42', '2021-08-04 04:33:42'),
(313, 23, 480, 'Timor Tengah Utara', '2021-08-04 04:33:42', '2021-08-04 04:33:42'),
(314, 24, 16, 'Asmat', '2021-08-04 04:33:43', '2021-08-04 04:33:43'),
(315, 24, 67, 'Biak Numfor', '2021-08-04 04:33:43', '2021-08-04 04:33:43'),
(316, 24, 90, 'Boven Digoel', '2021-08-04 04:33:43', '2021-08-04 04:33:43'),
(317, 24, 111, 'Deiyai (Deliyai)', '2021-08-04 04:33:43', '2021-08-04 04:33:43'),
(318, 24, 117, 'Dogiyai', '2021-08-04 04:33:43', '2021-08-04 04:33:43'),
(319, 24, 150, 'Intan Jaya', '2021-08-04 04:33:43', '2021-08-04 04:33:43'),
(320, 24, 157, 'Jayapura', '2021-08-04 04:33:43', '2021-08-04 04:33:43'),
(321, 24, 158, 'Jayapura', '2021-08-04 04:33:43', '2021-08-04 04:33:43'),
(322, 24, 159, 'Jayawijaya', '2021-08-04 04:33:43', '2021-08-04 04:33:43'),
(323, 24, 180, 'Keerom', '2021-08-04 04:33:43', '2021-08-04 04:33:43'),
(324, 24, 193, 'Kepulauan Yapen (Yapen Waropen)', '2021-08-04 04:33:43', '2021-08-04 04:33:43'),
(325, 24, 231, 'Lanny Jaya', '2021-08-04 04:33:43', '2021-08-04 04:33:43'),
(326, 24, 263, 'Mamberamo Raya', '2021-08-04 04:33:43', '2021-08-04 04:33:43'),
(327, 24, 264, 'Mamberamo Tengah', '2021-08-04 04:33:43', '2021-08-04 04:33:43'),
(328, 24, 274, 'Mappi', '2021-08-04 04:33:43', '2021-08-04 04:33:43'),
(329, 24, 281, 'Merauke', '2021-08-04 04:33:43', '2021-08-04 04:33:43'),
(330, 24, 284, 'Mimika', '2021-08-04 04:33:43', '2021-08-04 04:33:43'),
(331, 24, 299, 'Nabire', '2021-08-04 04:33:43', '2021-08-04 04:33:43'),
(332, 24, 303, 'Nduga', '2021-08-04 04:33:43', '2021-08-04 04:33:43'),
(333, 24, 335, 'Paniai', '2021-08-04 04:33:43', '2021-08-04 04:33:43'),
(334, 24, 347, 'Pegunungan Bintang', '2021-08-04 04:33:43', '2021-08-04 04:33:43'),
(335, 24, 373, 'Puncak', '2021-08-04 04:33:43', '2021-08-04 04:33:43'),
(336, 24, 374, 'Puncak Jaya', '2021-08-04 04:33:43', '2021-08-04 04:33:43'),
(337, 24, 392, 'Sarmi', '2021-08-04 04:33:43', '2021-08-04 04:33:43'),
(338, 24, 443, 'Supiori', '2021-08-04 04:33:43', '2021-08-04 04:33:43'),
(339, 24, 484, 'Tolikara', '2021-08-04 04:33:43', '2021-08-04 04:33:43'),
(340, 24, 495, 'Waropen', '2021-08-04 04:33:43', '2021-08-04 04:33:43'),
(341, 24, 499, 'Yahukimo', '2021-08-04 04:33:43', '2021-08-04 04:33:43'),
(342, 24, 500, 'Yalimo', '2021-08-04 04:33:43', '2021-08-04 04:33:43'),
(343, 25, 124, 'Fakfak', '2021-08-04 04:33:45', '2021-08-04 04:33:45'),
(344, 25, 165, 'Kaimana', '2021-08-04 04:33:45', '2021-08-04 04:33:45'),
(345, 25, 272, 'Manokwari', '2021-08-04 04:33:45', '2021-08-04 04:33:45'),
(346, 25, 273, 'Manokwari Selatan', '2021-08-04 04:33:45', '2021-08-04 04:33:45'),
(347, 25, 277, 'Maybrat', '2021-08-04 04:33:45', '2021-08-04 04:33:45'),
(348, 25, 346, 'Pegunungan Arfak', '2021-08-04 04:33:45', '2021-08-04 04:33:45'),
(349, 25, 378, 'Raja Ampat', '2021-08-04 04:33:45', '2021-08-04 04:33:45'),
(350, 25, 424, 'Sorong', '2021-08-04 04:33:45', '2021-08-04 04:33:45'),
(351, 25, 425, 'Sorong', '2021-08-04 04:33:45', '2021-08-04 04:33:45'),
(352, 25, 426, 'Sorong Selatan', '2021-08-04 04:33:45', '2021-08-04 04:33:45'),
(353, 25, 449, 'Tambrauw', '2021-08-04 04:33:45', '2021-08-04 04:33:45'),
(354, 25, 474, 'Teluk Bintuni', '2021-08-04 04:33:45', '2021-08-04 04:33:45'),
(355, 25, 475, 'Teluk Wondama', '2021-08-04 04:33:45', '2021-08-04 04:33:45'),
(356, 26, 60, 'Bengkalis', '2021-08-04 04:33:47', '2021-08-04 04:33:47'),
(357, 26, 120, 'Dumai', '2021-08-04 04:33:47', '2021-08-04 04:33:47'),
(358, 26, 147, 'Indragiri Hilir', '2021-08-04 04:33:47', '2021-08-04 04:33:47'),
(359, 26, 148, 'Indragiri Hulu', '2021-08-04 04:33:47', '2021-08-04 04:33:47'),
(360, 26, 166, 'Kampar', '2021-08-04 04:33:47', '2021-08-04 04:33:47'),
(361, 26, 187, 'Kepulauan Meranti', '2021-08-04 04:33:47', '2021-08-04 04:33:47'),
(362, 26, 207, 'Kuantan Singingi', '2021-08-04 04:33:47', '2021-08-04 04:33:47'),
(363, 26, 350, 'Pekanbaru', '2021-08-04 04:33:47', '2021-08-04 04:33:47'),
(364, 26, 351, 'Pelalawan', '2021-08-04 04:33:47', '2021-08-04 04:33:47'),
(365, 26, 381, 'Rokan Hilir', '2021-08-04 04:33:47', '2021-08-04 04:33:47'),
(366, 26, 382, 'Rokan Hulu', '2021-08-04 04:33:47', '2021-08-04 04:33:47'),
(367, 26, 406, 'Siak', '2021-08-04 04:33:47', '2021-08-04 04:33:47'),
(368, 27, 253, 'Majene', '2021-08-04 04:33:48', '2021-08-04 04:33:48'),
(369, 27, 262, 'Mamasa', '2021-08-04 04:33:48', '2021-08-04 04:33:48'),
(370, 27, 265, 'Mamuju', '2021-08-04 04:33:48', '2021-08-04 04:33:48'),
(371, 27, 266, 'Mamuju Utara', '2021-08-04 04:33:48', '2021-08-04 04:33:48'),
(372, 27, 362, 'Polewali Mandar', '2021-08-04 04:33:48', '2021-08-04 04:33:48'),
(373, 28, 38, 'Bantaeng', '2021-08-04 04:33:50', '2021-08-04 04:33:50'),
(374, 28, 47, 'Barru', '2021-08-04 04:33:50', '2021-08-04 04:33:50'),
(375, 28, 87, 'Bone', '2021-08-04 04:33:50', '2021-08-04 04:33:50'),
(376, 28, 95, 'Bulukumba', '2021-08-04 04:33:50', '2021-08-04 04:33:50'),
(377, 28, 123, 'Enrekang', '2021-08-04 04:33:50', '2021-08-04 04:33:50'),
(378, 28, 132, 'Gowa', '2021-08-04 04:33:50', '2021-08-04 04:33:50'),
(379, 28, 162, 'Jeneponto', '2021-08-04 04:33:50', '2021-08-04 04:33:50'),
(380, 28, 244, 'Luwu', '2021-08-04 04:33:50', '2021-08-04 04:33:50'),
(381, 28, 245, 'Luwu Timur', '2021-08-04 04:33:50', '2021-08-04 04:33:50'),
(382, 28, 246, 'Luwu Utara', '2021-08-04 04:33:50', '2021-08-04 04:33:50'),
(383, 28, 254, 'Makassar', '2021-08-04 04:33:50', '2021-08-04 04:33:50'),
(384, 28, 275, 'Maros', '2021-08-04 04:33:50', '2021-08-04 04:33:50'),
(385, 28, 328, 'Palopo', '2021-08-04 04:33:50', '2021-08-04 04:33:50'),
(386, 28, 333, 'Pangkajene Kepulauan', '2021-08-04 04:33:50', '2021-08-04 04:33:50'),
(387, 28, 336, 'Parepare', '2021-08-04 04:33:50', '2021-08-04 04:33:50'),
(388, 28, 360, 'Pinrang', '2021-08-04 04:33:50', '2021-08-04 04:33:50'),
(389, 28, 396, 'Selayar (Kepulauan Selayar)', '2021-08-04 04:33:50', '2021-08-04 04:33:50'),
(390, 28, 408, 'Sidenreng Rappang/Rapang', '2021-08-04 04:33:50', '2021-08-04 04:33:50'),
(391, 28, 416, 'Sinjai', '2021-08-04 04:33:50', '2021-08-04 04:33:50'),
(392, 28, 423, 'Soppeng', '2021-08-04 04:33:50', '2021-08-04 04:33:50'),
(393, 28, 448, 'Takalar', '2021-08-04 04:33:50', '2021-08-04 04:33:50'),
(394, 28, 451, 'Tana Toraja', '2021-08-04 04:33:50', '2021-08-04 04:33:50'),
(395, 28, 486, 'Toraja Utara', '2021-08-04 04:33:50', '2021-08-04 04:33:50'),
(396, 28, 493, 'Wajo', '2021-08-04 04:33:50', '2021-08-04 04:33:50'),
(397, 29, 25, 'Banggai', '2021-08-04 04:33:51', '2021-08-04 04:33:51'),
(398, 29, 26, 'Banggai Kepulauan', '2021-08-04 04:33:51', '2021-08-04 04:33:51'),
(399, 29, 98, 'Buol', '2021-08-04 04:33:51', '2021-08-04 04:33:51'),
(400, 29, 119, 'Donggala', '2021-08-04 04:33:51', '2021-08-04 04:33:51'),
(401, 29, 291, 'Morowali', '2021-08-04 04:33:51', '2021-08-04 04:33:51'),
(402, 29, 329, 'Palu', '2021-08-04 04:33:51', '2021-08-04 04:33:51'),
(403, 29, 338, 'Parigi Moutong', '2021-08-04 04:33:51', '2021-08-04 04:33:51'),
(404, 29, 366, 'Poso', '2021-08-04 04:33:51', '2021-08-04 04:33:51'),
(405, 29, 410, 'Sigi', '2021-08-04 04:33:51', '2021-08-04 04:33:51'),
(406, 29, 482, 'Tojo Una-Una', '2021-08-04 04:33:51', '2021-08-04 04:33:51'),
(407, 29, 483, 'Toli-Toli', '2021-08-04 04:33:51', '2021-08-04 04:33:51'),
(408, 30, 53, 'Bau-Bau', '2021-08-04 04:33:53', '2021-08-04 04:33:53'),
(409, 30, 85, 'Bombana', '2021-08-04 04:33:53', '2021-08-04 04:33:53'),
(410, 30, 101, 'Buton', '2021-08-04 04:33:53', '2021-08-04 04:33:53'),
(411, 30, 102, 'Buton Utara', '2021-08-04 04:33:53', '2021-08-04 04:33:53'),
(412, 30, 182, 'Kendari', '2021-08-04 04:33:53', '2021-08-04 04:33:53'),
(413, 30, 198, 'Kolaka', '2021-08-04 04:33:53', '2021-08-04 04:33:53'),
(414, 30, 199, 'Kolaka Utara', '2021-08-04 04:33:53', '2021-08-04 04:33:53'),
(415, 30, 200, 'Konawe', '2021-08-04 04:33:53', '2021-08-04 04:33:53'),
(416, 30, 201, 'Konawe Selatan', '2021-08-04 04:33:53', '2021-08-04 04:33:53'),
(417, 30, 202, 'Konawe Utara', '2021-08-04 04:33:53', '2021-08-04 04:33:53'),
(418, 30, 295, 'Muna', '2021-08-04 04:33:53', '2021-08-04 04:33:53'),
(419, 30, 494, 'Wakatobi', '2021-08-04 04:33:53', '2021-08-04 04:33:53'),
(420, 31, 73, 'Bitung', '2021-08-04 04:33:54', '2021-08-04 04:33:54'),
(421, 31, 81, 'Bolaang Mongondow (Bolmong)', '2021-08-04 04:33:54', '2021-08-04 04:33:54'),
(422, 31, 82, 'Bolaang Mongondow Selatan', '2021-08-04 04:33:54', '2021-08-04 04:33:54'),
(423, 31, 83, 'Bolaang Mongondow Timur', '2021-08-04 04:33:54', '2021-08-04 04:33:54'),
(424, 31, 84, 'Bolaang Mongondow Utara', '2021-08-04 04:33:54', '2021-08-04 04:33:54'),
(425, 31, 188, 'Kepulauan Sangihe', '2021-08-04 04:33:54', '2021-08-04 04:33:54'),
(426, 31, 190, 'Kepulauan Siau Tagulandang Biaro (Sitaro)', '2021-08-04 04:33:54', '2021-08-04 04:33:54'),
(427, 31, 192, 'Kepulauan Talaud', '2021-08-04 04:33:54', '2021-08-04 04:33:54'),
(428, 31, 204, 'Kotamobagu', '2021-08-04 04:33:54', '2021-08-04 04:33:54'),
(429, 31, 267, 'Manado', '2021-08-04 04:33:54', '2021-08-04 04:33:54'),
(430, 31, 285, 'Minahasa', '2021-08-04 04:33:54', '2021-08-04 04:33:54'),
(431, 31, 286, 'Minahasa Selatan', '2021-08-04 04:33:54', '2021-08-04 04:33:54'),
(432, 31, 287, 'Minahasa Tenggara', '2021-08-04 04:33:54', '2021-08-04 04:33:54'),
(433, 31, 288, 'Minahasa Utara', '2021-08-04 04:33:54', '2021-08-04 04:33:54'),
(434, 31, 485, 'Tomohon', '2021-08-04 04:33:54', '2021-08-04 04:33:54'),
(435, 32, 12, 'Agam', '2021-08-04 04:33:56', '2021-08-04 04:33:56'),
(436, 32, 93, 'Bukittinggi', '2021-08-04 04:33:56', '2021-08-04 04:33:56'),
(437, 32, 116, 'Dharmasraya', '2021-08-04 04:33:56', '2021-08-04 04:33:56'),
(438, 32, 186, 'Kepulauan Mentawai', '2021-08-04 04:33:56', '2021-08-04 04:33:56'),
(439, 32, 236, 'Lima Puluh Koto/Kota', '2021-08-04 04:33:56', '2021-08-04 04:33:56'),
(440, 32, 318, 'Padang', '2021-08-04 04:33:56', '2021-08-04 04:33:56'),
(441, 32, 321, 'Padang Panjang', '2021-08-04 04:33:56', '2021-08-04 04:33:56'),
(442, 32, 322, 'Padang Pariaman', '2021-08-04 04:33:56', '2021-08-04 04:33:56'),
(443, 32, 337, 'Pariaman', '2021-08-04 04:33:56', '2021-08-04 04:33:56'),
(444, 32, 339, 'Pasaman', '2021-08-04 04:33:56', '2021-08-04 04:33:56'),
(445, 32, 340, 'Pasaman Barat', '2021-08-04 04:33:56', '2021-08-04 04:33:56'),
(446, 32, 345, 'Payakumbuh', '2021-08-04 04:33:56', '2021-08-04 04:33:56'),
(447, 32, 357, 'Pesisir Selatan', '2021-08-04 04:33:56', '2021-08-04 04:33:56'),
(448, 32, 394, 'Sawah Lunto', '2021-08-04 04:33:56', '2021-08-04 04:33:56'),
(449, 32, 411, 'Sijunjung (Sawah Lunto Sijunjung)', '2021-08-04 04:33:56', '2021-08-04 04:33:56'),
(450, 32, 420, 'Solok', '2021-08-04 04:33:56', '2021-08-04 04:33:56'),
(451, 32, 421, 'Solok', '2021-08-04 04:33:56', '2021-08-04 04:33:56'),
(452, 32, 422, 'Solok Selatan', '2021-08-04 04:33:56', '2021-08-04 04:33:56'),
(453, 32, 453, 'Tanah Datar', '2021-08-04 04:33:56', '2021-08-04 04:33:56'),
(454, 33, 40, 'Banyuasin', '2021-08-04 04:33:58', '2021-08-04 04:33:58'),
(455, 33, 121, 'Empat Lawang', '2021-08-04 04:33:58', '2021-08-04 04:33:58'),
(456, 33, 220, 'Lahat', '2021-08-04 04:33:58', '2021-08-04 04:33:58'),
(457, 33, 242, 'Lubuk Linggau', '2021-08-04 04:33:58', '2021-08-04 04:33:58'),
(458, 33, 292, 'Muara Enim', '2021-08-04 04:33:58', '2021-08-04 04:33:58'),
(459, 33, 297, 'Musi Banyuasin', '2021-08-04 04:33:58', '2021-08-04 04:33:58'),
(460, 33, 298, 'Musi Rawas', '2021-08-04 04:33:58', '2021-08-04 04:33:58'),
(461, 33, 312, 'Ogan Ilir', '2021-08-04 04:33:58', '2021-08-04 04:33:58'),
(462, 33, 313, 'Ogan Komering Ilir', '2021-08-04 04:33:58', '2021-08-04 04:33:58'),
(463, 33, 314, 'Ogan Komering Ulu', '2021-08-04 04:33:58', '2021-08-04 04:33:58'),
(464, 33, 315, 'Ogan Komering Ulu Selatan', '2021-08-04 04:33:58', '2021-08-04 04:33:58'),
(465, 33, 316, 'Ogan Komering Ulu Timur', '2021-08-04 04:33:58', '2021-08-04 04:33:58'),
(466, 33, 324, 'Pagar Alam', '2021-08-04 04:33:58', '2021-08-04 04:33:58'),
(467, 33, 327, 'Palembang', '2021-08-04 04:33:58', '2021-08-04 04:33:58'),
(468, 33, 367, 'Prabumulih', '2021-08-04 04:33:58', '2021-08-04 04:33:58'),
(469, 34, 15, 'Asahan', '2021-08-04 04:33:59', '2021-08-04 04:33:59'),
(470, 34, 52, 'Batu Bara', '2021-08-04 04:33:59', '2021-08-04 04:33:59'),
(471, 34, 70, 'Binjai', '2021-08-04 04:33:59', '2021-08-04 04:33:59'),
(472, 34, 110, 'Dairi', '2021-08-04 04:33:59', '2021-08-04 04:33:59'),
(473, 34, 112, 'Deli Serdang', '2021-08-04 04:33:59', '2021-08-04 04:33:59'),
(474, 34, 137, 'Gunungsitoli', '2021-08-04 04:33:59', '2021-08-04 04:33:59'),
(475, 34, 146, 'Humbang Hasundutan', '2021-08-04 04:33:59', '2021-08-04 04:33:59'),
(476, 34, 173, 'Karo', '2021-08-04 04:33:59', '2021-08-04 04:33:59'),
(477, 34, 217, 'Labuhan Batu', '2021-08-04 04:33:59', '2021-08-04 04:33:59'),
(478, 34, 218, 'Labuhan Batu Selatan', '2021-08-04 04:33:59', '2021-08-04 04:33:59'),
(479, 34, 219, 'Labuhan Batu Utara', '2021-08-04 04:33:59', '2021-08-04 04:33:59'),
(480, 34, 229, 'Langkat', '2021-08-04 04:33:59', '2021-08-04 04:33:59'),
(481, 34, 268, 'Mandailing Natal', '2021-08-04 04:33:59', '2021-08-04 04:33:59'),
(482, 34, 278, 'Medan', '2021-08-04 04:33:59', '2021-08-04 04:33:59'),
(483, 34, 307, 'Nias', '2021-08-04 04:33:59', '2021-08-04 04:33:59'),
(484, 34, 308, 'Nias Barat', '2021-08-04 04:33:59', '2021-08-04 04:33:59'),
(485, 34, 309, 'Nias Selatan', '2021-08-04 04:33:59', '2021-08-04 04:33:59'),
(486, 34, 310, 'Nias Utara', '2021-08-04 04:33:59', '2021-08-04 04:33:59'),
(487, 34, 319, 'Padang Lawas', '2021-08-04 04:33:59', '2021-08-04 04:33:59'),
(488, 34, 320, 'Padang Lawas Utara', '2021-08-04 04:33:59', '2021-08-04 04:33:59'),
(489, 34, 323, 'Padang Sidempuan', '2021-08-04 04:33:59', '2021-08-04 04:33:59'),
(490, 34, 325, 'Pakpak Bharat', '2021-08-04 04:33:59', '2021-08-04 04:33:59'),
(491, 34, 353, 'Pematang Siantar', '2021-08-04 04:33:59', '2021-08-04 04:33:59'),
(492, 34, 389, 'Samosir', '2021-08-04 04:33:59', '2021-08-04 04:33:59'),
(493, 34, 404, 'Serdang Bedagai', '2021-08-04 04:33:59', '2021-08-04 04:33:59'),
(494, 34, 407, 'Sibolga', '2021-08-04 04:33:59', '2021-08-04 04:33:59'),
(495, 34, 413, 'Simalungun', '2021-08-04 04:33:59', '2021-08-04 04:33:59'),
(496, 34, 459, 'Tanjung Balai', '2021-08-04 04:33:59', '2021-08-04 04:33:59'),
(497, 34, 463, 'Tapanuli Selatan', '2021-08-04 04:33:59', '2021-08-04 04:33:59'),
(498, 34, 464, 'Tapanuli Tengah', '2021-08-04 04:33:59', '2021-08-04 04:33:59'),
(499, 34, 465, 'Tapanuli Utara', '2021-08-04 04:33:59', '2021-08-04 04:33:59'),
(500, 34, 470, 'Tebing Tinggi', '2021-08-04 04:33:59', '2021-08-04 04:33:59'),
(501, 34, 481, 'Toba Samosir', '2021-08-04 04:33:59', '2021-08-04 04:33:59');

-- --------------------------------------------------------

--
-- Struktur dari tabel `failed_jobs`
--

CREATE TABLE `failed_jobs` (
  `id` bigint(20) UNSIGNED NOT NULL,
  `uuid` varchar(255) COLLATE utf8mb4_unicode_ci NOT NULL,
  `connection` text COLLATE utf8mb4_unicode_ci NOT NULL,
  `queue` text COLLATE utf8mb4_unicode_ci NOT NULL,
  `payload` longtext COLLATE utf8mb4_unicode_ci NOT NULL,
  `exception` longtext COLLATE utf8mb4_unicode_ci NOT NULL,
  `failed_at` timestamp NOT NULL DEFAULT current_timestamp()
) ENGINE=InnoDB DEFAULT CHARSET=utf8mb4 COLLATE=utf8mb4_unicode_ci;

-- --------------------------------------------------------

--
-- Struktur dari tabel `kebangsaans`
--

CREATE TABLE `kebangsaans` (
  `id` bigint(20) UNSIGNED NOT NULL,
  `tiket_id` int(10) UNSIGNED NOT NULL,
  `country_id` int(10) UNSIGNED NOT NULL,
  `negara` varchar(255) COLLATE utf8mb4_unicode_ci NOT NULL,
  `code` varchar(255) COLLATE utf8mb4_unicode_ci NOT NULL,
  `created_at` timestamp NULL DEFAULT NULL,
  `updated_at` timestamp NULL DEFAULT NULL
) ENGINE=InnoDB DEFAULT CHARSET=utf8mb4 COLLATE=utf8mb4_unicode_ci;

--
-- Dumping data untuk tabel `kebangsaans`
--

INSERT INTO `kebangsaans` (`id`, `tiket_id`, `country_id`, `negara`, `code`, `created_at`, `updated_at`) VALUES
(1, 1, 104, 'Indonesia', 'ID', NULL, NULL),
(2, 2, 1, 'Afghanistan', 'AF', NULL, NULL),
(3, 2, 2, 'Åland Islands', 'AX', NULL, NULL),
(4, 2, 3, 'Albania', 'AL', NULL, NULL),
(5, 2, 4, 'Algeria', 'DZ', NULL, NULL),
(6, 2, 5, 'American Samoa', 'AS', NULL, NULL),
(7, 2, 6, 'Andorra', 'AD', NULL, NULL),
(8, 2, 7, 'Angola', 'AO', NULL, NULL),
(9, 2, 8, 'Anguilla', 'AI', NULL, NULL),
(10, 2, 9, 'Antarctica', 'AQ', NULL, NULL),
(11, 2, 10, 'Antigua and Barbuda', 'AG', NULL, NULL),
(12, 2, 11, 'Argentina', 'AR', NULL, NULL),
(13, 2, 12, 'Armenia', 'AM', NULL, NULL),
(14, 2, 13, 'Aruba', 'AW', NULL, NULL),
(15, 2, 14, 'Australia', 'AU', NULL, NULL),
(16, 2, 15, 'Austria', 'AT', NULL, NULL),
(17, 2, 16, 'Azerbaijan', 'AZ', NULL, NULL),
(18, 2, 17, 'Bahamas', 'BS', NULL, NULL),
(19, 2, 18, 'Bahrain', 'BH', NULL, NULL),
(20, 2, 19, 'Bangladesh', 'BD', NULL, NULL),
(21, 2, 20, 'Barbados', 'BB', NULL, NULL),
(22, 2, 21, 'Belarus', 'BY', NULL, NULL),
(23, 2, 22, 'Belgium', 'BE', NULL, NULL),
(24, 2, 23, 'Belize', 'BZ', NULL, NULL),
(25, 2, 24, 'Benin', 'BJ', NULL, NULL),
(26, 2, 25, 'Bermuda', 'BM', NULL, NULL),
(27, 2, 26, 'Bhutan', 'BT', NULL, NULL),
(28, 2, 27, 'Bolivia, Plurinational State of', 'BO', NULL, NULL),
(29, 2, 28, 'Bonaire, Sint Eustatius and Saba', 'BQ', NULL, NULL),
(30, 2, 29, 'Bosnia and Herzegovina', 'BA', NULL, NULL),
(31, 2, 30, 'Botswana', 'BW', NULL, NULL),
(32, 2, 31, 'Bouvet Island', 'BV', NULL, NULL),
(33, 2, 32, 'Brazil', 'BR', NULL, NULL),
(34, 2, 33, 'British Indian Ocean Territory', 'IO', NULL, NULL),
(35, 2, 34, 'Brunei Darussalam', 'BN', NULL, NULL),
(36, 2, 35, 'Bulgaria', 'BG', NULL, NULL),
(37, 2, 36, 'Burkina Faso', 'BF', NULL, NULL),
(38, 2, 37, 'Burundi', 'BI', NULL, NULL),
(39, 2, 38, 'Cambodia', 'KH', NULL, NULL),
(40, 2, 39, 'Cameroon', 'CM', NULL, NULL),
(41, 2, 40, 'Canada', 'CA', NULL, NULL),
(42, 2, 41, 'Cape Verde', 'CV', NULL, NULL),
(43, 2, 42, 'Cayman Islands', 'KY', NULL, NULL),
(44, 2, 43, 'Central African Republic', 'CF', NULL, NULL),
(45, 2, 44, 'Chad', 'TD', NULL, NULL),
(46, 2, 45, 'Chile', 'CL', NULL, NULL),
(47, 2, 46, 'China', 'CN', NULL, NULL),
(48, 2, 47, 'Christmas Island', 'CX', NULL, NULL),
(49, 2, 48, 'Cocos (Keeling) Islands', 'CC', NULL, NULL),
(50, 2, 49, 'Colombia', 'CO', NULL, NULL),
(51, 2, 50, 'Comoros', 'KM', NULL, NULL),
(52, 2, 51, 'Congo', 'CG', NULL, NULL),
(53, 2, 52, 'Congo, the Democratic Republic of the', 'CD', NULL, NULL),
(54, 2, 53, 'Cook Islands', 'CK', NULL, NULL),
(55, 2, 54, 'Costa Rica', 'CR', NULL, NULL),
(56, 2, 55, 'Côte d\'Ivoire', 'CI', NULL, NULL),
(57, 2, 56, 'Croatia', 'HR', NULL, NULL),
(58, 2, 57, 'Cuba', 'CU', NULL, NULL),
(59, 2, 58, 'Curaçao', 'CW', NULL, NULL),
(60, 2, 59, 'Cyprus', 'CY', NULL, NULL),
(61, 2, 60, 'Czech Republic', 'CZ', NULL, NULL),
(62, 2, 61, 'Denmark', 'DK', NULL, NULL),
(63, 2, 62, 'Djibouti', 'DJ', NULL, NULL),
(64, 2, 63, 'Dominica', 'DM', NULL, NULL),
(65, 2, 64, 'Dominican Republic', 'DO', NULL, NULL),
(66, 2, 65, 'Ecuador', 'EC', NULL, NULL),
(67, 2, 66, 'Egypt', 'EG', NULL, NULL),
(68, 2, 67, 'El Salvador', 'SV', NULL, NULL),
(69, 2, 68, 'Equatorial Guinea', 'GQ', NULL, NULL),
(70, 2, 69, 'Eritrea', 'ER', NULL, NULL),
(71, 2, 70, 'Estonia', 'EE', NULL, NULL),
(72, 2, 71, 'Ethiopia', 'ET', NULL, NULL),
(73, 2, 72, 'Falkland Islands (Malvinas)', 'FK', NULL, NULL),
(74, 2, 73, 'Faroe Islands', 'FO', NULL, NULL),
(75, 2, 74, 'Fiji', 'FJ', NULL, NULL),
(76, 2, 75, 'Finland', 'FI', NULL, NULL),
(77, 2, 76, 'France', 'FR', NULL, NULL),
(78, 2, 77, 'French Guiana', 'GF', NULL, NULL),
(79, 2, 78, 'French Polynesia', 'PF', NULL, NULL),
(80, 2, 79, 'French Southern Territories', 'TF', NULL, NULL),
(81, 2, 80, 'Gabon', 'GA', NULL, NULL),
(82, 2, 81, 'Gambia', 'GM', NULL, NULL),
(83, 2, 82, 'Georgia', 'GE', NULL, NULL),
(84, 2, 83, 'Germany', 'DE', NULL, NULL),
(85, 2, 84, 'Ghana', 'GH', NULL, NULL),
(86, 2, 85, 'Gibraltar', 'GI', NULL, NULL),
(87, 2, 86, 'Greece', 'GR', NULL, NULL),
(88, 2, 87, 'Greenland', 'GL', NULL, NULL),
(89, 2, 88, 'Grenada', 'GD', NULL, NULL),
(90, 2, 89, 'Guadeloupe', 'GP', NULL, NULL),
(91, 2, 90, 'Guam', 'GU', NULL, NULL),
(92, 2, 91, 'Guatemala', 'GT', NULL, NULL),
(93, 2, 92, 'Guernsey', 'GG', NULL, NULL),
(94, 2, 93, 'Guinea', 'GN', NULL, NULL),
(95, 2, 94, 'Guinea-Bissau', 'GW', NULL, NULL),
(96, 2, 95, 'Guyana', 'GY', NULL, NULL),
(97, 2, 96, 'Haiti', 'HT', NULL, NULL),
(98, 2, 97, 'Heard Island and McDonald Mcdonald Islands', 'HM', NULL, NULL),
(99, 2, 98, 'Holy See (Vatican City State)', 'VA', NULL, NULL),
(100, 2, 99, 'Honduras', 'HN', NULL, NULL),
(101, 2, 100, 'Hong Kong', 'HK', NULL, NULL),
(102, 2, 101, 'Hungary', 'HU', NULL, NULL),
(103, 2, 102, 'Iceland', 'IS', NULL, NULL),
(104, 2, 103, 'India', 'IN', NULL, NULL),
(105, 2, 105, 'Iran, Islamic Republic of', 'IR', NULL, NULL),
(106, 2, 106, 'Iraq', 'IQ', NULL, NULL),
(107, 2, 107, 'Ireland', 'IE', NULL, NULL),
(108, 2, 108, 'Isle of Man', 'IM', NULL, NULL),
(109, 2, 109, 'Israel', 'IL', NULL, NULL),
(110, 2, 110, 'Italy', 'IT', NULL, NULL),
(111, 2, 111, 'Jamaica', 'JM', NULL, NULL),
(112, 2, 112, 'Japan', 'JP', NULL, NULL),
(113, 2, 113, 'Jersey', 'JE', NULL, NULL),
(114, 2, 114, 'Jordan', 'JO', NULL, NULL),
(115, 2, 115, 'Kazakhstan', 'KZ', NULL, NULL),
(116, 2, 116, 'Kenya', 'KE', NULL, NULL),
(117, 2, 117, 'Kiribati', 'KI', NULL, NULL),
(118, 2, 118, 'Korea, Democratic People\'s Republic of', 'KP', NULL, NULL),
(119, 2, 119, 'Korea, Republic of', 'KR', NULL, NULL),
(120, 2, 120, 'Kuwait', 'KW', NULL, NULL),
(121, 2, 121, 'Kyrgyzstan', 'KG', NULL, NULL),
(122, 2, 122, 'Lao People\'s Democratic Republic', 'LA', NULL, NULL),
(123, 2, 123, 'Latvia', 'LV', NULL, NULL),
(124, 2, 124, 'Lebanon', 'LB', NULL, NULL),
(125, 2, 125, 'Lesotho', 'LS', NULL, NULL),
(126, 2, 126, 'Liberia', 'LR', NULL, NULL),
(127, 2, 127, 'Libya', 'LY', NULL, NULL),
(128, 2, 128, 'Liechtenstein', 'LI', NULL, NULL),
(129, 2, 129, 'Lithuania', 'LT', NULL, NULL),
(130, 2, 130, 'Luxembourg', 'LU', NULL, NULL),
(131, 2, 131, 'Macao', 'MO', NULL, NULL),
(132, 2, 132, 'Macedonia, the Former Yugoslav Republic of', 'MK', NULL, NULL),
(133, 2, 133, 'Madagascar', 'MG', NULL, NULL),
(134, 2, 134, 'Malawi', 'MW', NULL, NULL),
(135, 2, 135, 'Malaysia', 'MY', NULL, NULL),
(136, 2, 136, 'Maldives', 'MV', NULL, NULL),
(137, 2, 137, 'Mali', 'ML', NULL, NULL),
(138, 2, 138, 'Malta', 'MT', NULL, NULL),
(139, 2, 139, 'Marshall Islands', 'MH', NULL, NULL),
(140, 2, 140, 'Martinique', 'MQ', NULL, NULL),
(141, 2, 141, 'Mauritania', 'MR', NULL, NULL),
(142, 2, 142, 'Mauritius', 'MU', NULL, NULL),
(143, 2, 143, 'Mayotte', 'YT', NULL, NULL),
(144, 2, 144, 'Mexico', 'MX', NULL, NULL),
(145, 2, 145, 'Micronesia, Federated States of', 'FM', NULL, NULL),
(146, 2, 146, 'Moldova, Republic of', 'MD', NULL, NULL),
(147, 2, 147, 'Monaco', 'MC', NULL, NULL),
(148, 2, 148, 'Mongolia', 'MN', NULL, NULL),
(149, 2, 149, 'Montenegro', 'ME', NULL, NULL),
(150, 2, 150, 'Montserrat', 'MS', NULL, NULL),
(151, 2, 151, 'Morocco', 'MA', NULL, NULL),
(152, 2, 152, 'Mozambique', 'MZ', NULL, NULL),
(153, 2, 153, 'Myanmar', 'MM', NULL, NULL),
(154, 2, 154, 'Namibia', 'NA', NULL, NULL),
(155, 2, 155, 'Nauru', 'NR', NULL, NULL),
(156, 2, 156, 'Nepal', 'NP', NULL, NULL),
(157, 2, 157, 'Netherlands', 'NL', NULL, NULL),
(158, 2, 158, 'New Caledonia', 'NC', NULL, NULL),
(159, 2, 159, 'New Zealand', 'NZ', NULL, NULL),
(160, 2, 160, 'Nicaragua', 'NI', NULL, NULL),
(161, 2, 161, 'Niger', 'NE', NULL, NULL),
(162, 2, 162, 'Nigeria', 'NG', NULL, NULL),
(163, 2, 163, 'Niue', 'NU', NULL, NULL),
(164, 2, 164, 'Norfolk Island', 'NF', NULL, NULL),
(165, 2, 165, 'Northern Mariana Islands', 'MP', NULL, NULL),
(166, 2, 166, 'Norway', 'NO', NULL, NULL),
(167, 2, 167, 'Oman', 'OM', NULL, NULL),
(168, 2, 168, 'Pakistan', 'PK', NULL, NULL),
(169, 2, 169, 'Palau', 'PW', NULL, NULL),
(170, 2, 170, 'Palestine, State of', 'PS', NULL, NULL),
(171, 2, 171, 'Panama', 'PA', NULL, NULL),
(172, 2, 172, 'Papua New Guinea', 'PG', NULL, NULL),
(173, 2, 173, 'Paraguay', 'PY', NULL, NULL),
(174, 2, 174, 'Peru', 'PE', NULL, NULL),
(175, 2, 175, 'Philippines', 'PH', NULL, NULL),
(176, 2, 176, 'Pitcairn', 'PN', NULL, NULL),
(177, 2, 177, 'Poland', 'PL', NULL, NULL),
(178, 2, 178, 'Portugal', 'PT', NULL, NULL),
(179, 2, 179, 'Puerto Rico', 'PR', NULL, NULL),
(180, 2, 180, 'Qatar', 'QA', NULL, NULL),
(181, 2, 181, 'Réunion', 'RE', NULL, NULL),
(182, 2, 182, 'Romania', 'RO', NULL, NULL),
(183, 2, 183, 'Russian Federation', 'RU', NULL, NULL),
(184, 2, 184, 'Rwanda', 'RW', NULL, NULL),
(185, 2, 185, 'Saint Barthélemy', 'BL', NULL, NULL),
(186, 2, 185, 'Saint Helena, Ascension and Tristan da Cunha', 'SH', NULL, NULL),
(187, 2, 186, 'Saint Kitts and Nevis', 'KN', NULL, NULL),
(188, 2, 187, 'Saint Lucia', 'LC', NULL, NULL),
(189, 2, 188, 'Saint Martin (French part)', 'MF', NULL, NULL),
(190, 2, 189, 'Saint Pierre and Miquelon', 'PM', NULL, NULL),
(191, 2, 190, 'Saint Vincent and the Grenadines', 'VC', NULL, NULL),
(192, 2, 191, 'Samoa', 'WS', NULL, NULL),
(193, 2, 192, 'San Marino', 'SM', NULL, NULL),
(194, 2, 193, 'Sao Tome and Principe', 'ST', NULL, NULL),
(195, 2, 194, 'Saudi Arabia', 'SA', NULL, NULL),
(196, 2, 195, 'Senegal', 'SN', NULL, NULL),
(197, 2, 196, 'Serbia', 'RS', NULL, NULL),
(198, 2, 197, 'Seychelles', 'SC', NULL, NULL),
(199, 2, 198, 'Sierra Leone', 'SL', NULL, NULL),
(200, 2, 199, 'Singapore', 'SG', NULL, NULL),
(201, 2, 200, 'Sint Maarten (Dutch part)', 'SX', NULL, NULL),
(202, 2, 201, 'Slovakia', 'SK', NULL, NULL),
(203, 2, 202, 'Slovenia', 'SI', NULL, NULL),
(204, 2, 203, 'Solomon Islands', 'SB', NULL, NULL),
(205, 2, 204, 'Somalia', 'SO', NULL, NULL),
(206, 2, 205, 'South Africa', 'ZA', NULL, NULL),
(207, 2, 206, 'South Georgia and the South Sandwich Islands', 'GS', NULL, NULL),
(208, 2, 207, 'South Sudan', 'SS', NULL, NULL),
(209, 2, 208, 'Spain', 'ES', NULL, NULL),
(210, 2, 209, 'Sri Lanka', 'LK', NULL, NULL),
(211, 2, 210, 'Sudan', 'SD', NULL, NULL),
(212, 2, 211, 'Surinegara', 'SR', NULL, NULL),
(213, 2, 212, 'Svalbard and Jan Mayen', 'SJ', NULL, NULL),
(214, 2, 213, 'Swaziland', 'SZ', NULL, NULL),
(215, 2, 214, 'Sweden', 'SE', NULL, NULL),
(216, 2, 215, 'Switzerland', 'CH', NULL, NULL),
(217, 2, 216, 'Syrian Arab Republic', 'SY', NULL, NULL),
(218, 2, 217, 'Taiwan', 'TW', NULL, NULL),
(219, 2, 218, 'Tajikistan', 'TJ', NULL, NULL),
(220, 2, 219, 'Tanzania, United Republic of', 'TZ', NULL, NULL),
(221, 2, 220, 'Thailand', 'TH', NULL, NULL),
(222, 2, 221, 'Timor-Leste', 'TL', NULL, NULL),
(223, 2, 222, 'Togo', 'TG', NULL, NULL),
(224, 2, 223, 'Tokelau', 'TK', NULL, NULL),
(225, 2, 224, 'Tonga', 'TO', NULL, NULL),
(226, 2, 225, 'Trinidad and Tobago', 'TT', NULL, NULL),
(227, 2, 226, 'Tunisia', 'TN', NULL, NULL),
(228, 2, 227, 'Turkey', 'TR', NULL, NULL),
(229, 2, 228, 'Turkmenistan', 'TM', NULL, NULL),
(230, 2, 229, 'Turks and Caicos Islands', 'TC', NULL, NULL),
(231, 2, 230, 'Tuvalu', 'TV', NULL, NULL),
(232, 2, 231, 'Uganda', 'UG', NULL, NULL),
(233, 2, 232, 'Ukraine', 'UA', NULL, NULL),
(234, 2, 233, 'United Arab Emirates', 'AE', NULL, NULL),
(235, 2, 234, 'United Kingdom', 'GB', NULL, NULL),
(236, 2, 235, 'United States', 'US', NULL, NULL),
(237, 2, 236, 'United States Minor Outlying Islands', 'UM', NULL, NULL),
(238, 2, 237, 'Uruguay', 'UY', NULL, NULL),
(239, 2, 238, 'Uzbekistan', 'UZ', NULL, NULL),
(240, 2, 239, 'Vanuatu', 'VU', NULL, NULL),
(241, 2, 240, 'Venezuela, Bolivarian Republic of', 'VE', NULL, NULL),
(242, 2, 241, 'Viet Nam', 'VN', NULL, NULL),
(243, 2, 242, 'Virgin Islands, British', 'VG', NULL, NULL),
(244, 2, 243, 'Virgin Islands, U.S.', 'VI', NULL, NULL),
(245, 2, 244, 'Wallis and Futuna', 'WF', NULL, NULL),
(246, 2, 245, 'Western Sahara', 'EH', NULL, NULL),
(247, 2, 246, 'Yemen', 'YE', NULL, NULL),
(248, 2, 247, 'Zambia', 'ZM', NULL, NULL),
(249, 2, 248, 'Zimbabwe', 'ZW', NULL, NULL);

-- --------------------------------------------------------

--
-- Struktur dari tabel `kuotas`
--

CREATE TABLE `kuotas` (
  `id` bigint(20) UNSIGNED NOT NULL,
  `periode_id` bigint(20) UNSIGNED NOT NULL,
  `tanggal_pendakian` date NOT NULL,
  `kuota` int(11) NOT NULL,
  `created_at` timestamp NULL DEFAULT NULL,
  `updated_at` timestamp NULL DEFAULT NULL
) ENGINE=InnoDB DEFAULT CHARSET=utf8mb4 COLLATE=utf8mb4_unicode_ci;

--
-- Dumping data untuk tabel `kuotas`
--

INSERT INTO `kuotas` (`id`, `periode_id`, `tanggal_pendakian`, `kuota`, `created_at`, `updated_at`) VALUES
(1, 1, '2022-01-01', 100, '2021-12-30 17:00:00', '2021-12-02 17:00:00'),
(2, 1, '2022-01-02', 100, '2021-12-30 17:00:00', '2021-12-02 17:00:00'),
(3, 1, '2022-01-03', 100, '2021-12-30 17:00:00', '2021-12-02 17:00:00'),
(4, 1, '2022-01-04', 100, '2021-12-30 17:00:00', '2021-12-02 17:00:00'),
(5, 1, '2022-01-05', 100, '2021-12-30 17:00:00', '2021-12-02 17:00:00'),
(6, 1, '2022-01-06', 100, '2021-12-30 17:00:00', '2021-12-02 17:00:00'),
(7, 1, '2022-01-07', 100, '2021-12-30 17:00:00', '2021-12-02 17:00:00'),
(8, 1, '2022-01-08', 100, '2021-12-30 17:00:00', '2021-12-02 17:00:00'),
(9, 1, '2022-01-09', 100, '2021-12-30 17:00:00', '2021-12-02 17:00:00'),
(10, 1, '2022-01-10', 100, '2021-12-30 17:00:00', '2021-12-02 17:00:00'),
(11, 1, '2022-01-11', 100, '2021-12-30 17:00:00', '2021-12-02 17:00:00'),
(12, 1, '2022-01-12', 100, '2021-12-30 17:00:00', '2021-12-02 17:00:00'),
(13, 1, '2022-01-13', 100, '2021-12-30 17:00:00', '2021-12-02 17:00:00'),
(14, 1, '2022-01-14', 100, '2021-12-30 17:00:00', '2021-12-02 17:00:00'),
(15, 1, '2022-01-15', 100, '2021-12-30 17:00:00', '2021-12-02 17:00:00'),
(16, 1, '2022-01-16', 100, '2021-12-30 17:00:00', '2021-12-02 17:00:00'),
(17, 1, '2022-01-17', 100, '2021-12-30 17:00:00', '2021-12-02 17:00:00'),
(18, 1, '2022-01-18', 100, '2021-12-30 17:00:00', '2021-12-02 17:00:00'),
(19, 1, '2022-01-19', 100, '2021-12-30 17:00:00', '2021-12-02 17:00:00'),
(20, 1, '2022-01-20', 100, '2021-12-30 17:00:00', '2021-12-02 17:00:00'),
(21, 1, '2022-01-21', 100, '2021-12-30 17:00:00', '2021-12-02 17:00:00'),
(22, 1, '2022-01-22', 100, '2021-12-30 17:00:00', '2021-12-02 17:00:00'),
(23, 1, '2022-01-23', 100, '2021-12-30 17:00:00', '2021-12-02 17:00:00'),
(24, 1, '2022-01-24', 100, '2021-12-30 17:00:00', '2021-12-02 17:00:00'),
(25, 1, '2022-01-25', 100, '2021-12-30 17:00:00', '2021-12-02 17:00:00'),
(26, 1, '2022-01-26', 100, '2021-12-30 17:00:00', '2021-12-02 17:00:00'),
(27, 1, '2022-01-27', 100, '2021-12-30 17:00:00', '2021-12-02 17:00:00'),
(28, 1, '2022-01-28', 100, '2021-12-30 17:00:00', '2021-12-02 17:00:00'),
(29, 1, '2022-01-29', 100, '2021-12-30 17:00:00', '2021-12-02 17:00:00'),
(30, 1, '2022-01-30', 100, '2021-12-30 17:00:00', '2021-12-02 17:00:00'),
(31, 1, '2022-01-31', 100, '2021-12-30 17:00:00', '2021-12-02 17:00:00'),
(32, 2, '2022-02-01', 100, '2021-12-30 17:00:00', '2021-12-02 17:00:00'),
(33, 2, '2022-02-02', 100, '2021-12-30 17:00:00', '2021-12-02 17:00:00'),
(34, 2, '2022-02-03', 100, '2021-12-30 17:00:00', '2021-12-02 17:00:00'),
(35, 2, '2022-02-04', 100, '2021-12-30 17:00:00', '2021-12-02 17:00:00'),
(36, 2, '2022-02-05', 100, '2021-12-30 17:00:00', '2021-12-02 17:00:00'),
(37, 2, '2022-02-06', 100, '2021-12-30 17:00:00', '2021-12-02 17:00:00'),
(38, 2, '2022-02-07', 100, '2021-12-30 17:00:00', '2021-12-02 17:00:00'),
(39, 2, '2022-02-08', 100, '2021-12-30 17:00:00', '2021-12-02 17:00:00'),
(40, 2, '2022-02-09', 100, '2021-12-30 17:00:00', '2021-12-02 17:00:00'),
(41, 2, '2022-02-10', 100, '2021-12-30 17:00:00', '2021-12-02 17:00:00'),
(42, 2, '2022-02-11', 100, '2021-12-30 17:00:00', '2021-12-02 17:00:00'),
(43, 2, '2022-02-12', 100, '2021-12-30 17:00:00', '2021-12-02 17:00:00'),
(44, 2, '2022-02-13', 100, '2021-12-30 17:00:00', '2021-12-02 17:00:00'),
(45, 2, '2022-02-14', 100, '2021-12-30 17:00:00', '2021-12-02 17:00:00'),
(46, 2, '2022-02-15', 100, '2021-12-30 17:00:00', '2021-12-02 17:00:00'),
(47, 2, '2022-02-16', 100, '2021-12-30 17:00:00', '2021-12-02 17:00:00'),
(48, 2, '2022-02-17', 100, '2021-12-30 17:00:00', '2021-12-02 17:00:00'),
(49, 2, '2022-02-18', 100, '2021-12-30 17:00:00', '2021-12-02 17:00:00'),
(50, 2, '2022-02-19', 100, '2021-12-30 17:00:00', '2021-12-02 17:00:00'),
(51, 2, '2022-02-20', 100, '2021-12-30 17:00:00', '2021-12-02 17:00:00'),
(52, 2, '2022-02-21', 100, '2021-12-30 17:00:00', '2021-12-02 17:00:00'),
(53, 2, '2022-02-22', 100, '2021-12-30 17:00:00', '2021-12-02 17:00:00'),
(54, 2, '2022-02-23', 100, '2021-12-30 17:00:00', '2021-12-02 17:00:00'),
(55, 2, '2022-02-24', 100, '2021-12-30 17:00:00', '2021-12-02 17:00:00'),
(56, 2, '2022-02-25', 98, '2021-12-30 17:00:00', '2022-03-01 03:01:32'),
(57, 2, '2022-02-26', 100, '2021-12-30 17:00:00', '2021-12-02 17:00:00'),
(58, 2, '2022-02-27', 100, '2021-12-30 17:00:00', '2021-12-02 17:00:00'),
(59, 2, '2022-02-28', 100, '2021-12-30 17:00:00', '2021-12-02 17:00:00'),
(60, 3, '2022-03-01', 100, '2021-12-30 17:00:00', '2021-12-02 17:00:00'),
(61, 3, '2022-03-02', 100, '2021-12-30 17:00:00', '2021-12-02 17:00:00'),
(62, 3, '2022-03-03', 100, '2021-12-30 17:00:00', '2021-12-02 17:00:00'),
(63, 3, '2022-03-04', 100, '2021-12-30 17:00:00', '2021-12-02 17:00:00'),
(64, 3, '2022-03-05', 100, '2021-12-30 17:00:00', '2021-12-02 17:00:00'),
(65, 3, '2022-03-06', 100, '2021-12-30 17:00:00', '2021-12-02 17:00:00'),
(66, 3, '2022-03-07', 100, '2021-12-30 17:00:00', '2021-12-02 17:00:00'),
(67, 3, '2022-03-08', 100, '2021-12-30 17:00:00', '2021-12-02 17:00:00'),
(68, 3, '2022-03-09', 100, '2021-12-30 17:00:00', '2021-12-02 17:00:00'),
(69, 3, '2022-03-10', 100, '2021-12-30 17:00:00', '2021-12-02 17:00:00'),
(70, 3, '2022-03-11', 100, '2021-12-30 17:00:00', '2021-12-02 17:00:00'),
(71, 3, '2022-03-12', 100, '2021-12-30 17:00:00', '2021-12-02 17:00:00'),
(72, 3, '2022-03-13', 100, '2021-12-30 17:00:00', '2021-12-02 17:00:00'),
(73, 3, '2022-03-14', 100, '2021-12-30 17:00:00', '2021-12-02 17:00:00'),
(74, 3, '2022-03-15', 100, '2021-12-30 17:00:00', '2021-12-02 17:00:00'),
(75, 3, '2022-03-16', 100, '2021-12-30 17:00:00', '2021-12-02 17:00:00'),
(76, 3, '2022-03-17', 100, '2021-12-30 17:00:00', '2021-12-02 17:00:00'),
(77, 3, '2022-03-18', 100, '2021-12-30 17:00:00', '2021-12-02 17:00:00'),
(78, 3, '2022-03-19', 100, '2021-12-30 17:00:00', '2021-12-02 17:00:00'),
(79, 3, '2022-03-20', 100, '2021-12-30 17:00:00', '2021-12-02 17:00:00'),
(80, 3, '2022-03-21', 100, '2021-12-30 17:00:00', '2021-12-02 17:00:00'),
(81, 3, '2022-03-22', 100, '2021-12-30 17:00:00', '2021-12-02 17:00:00'),
(82, 3, '2022-03-23', 100, '2021-12-30 17:00:00', '2021-12-02 17:00:00'),
(83, 3, '2022-03-24', 100, '2021-12-30 17:00:00', '2021-12-02 17:00:00'),
(84, 3, '2022-03-25', 100, '2021-12-30 17:00:00', '2021-12-02 17:00:00'),
(85, 3, '2022-03-26', 100, '2021-12-30 17:00:00', '2021-12-02 17:00:00'),
(86, 3, '2022-03-27', 100, '2021-12-30 17:00:00', '2021-12-02 17:00:00'),
(87, 3, '2022-03-28', 100, '2021-12-30 17:00:00', '2021-12-02 17:00:00'),
(88, 3, '2022-03-29', 100, '2021-12-30 17:00:00', '2021-12-02 17:00:00'),
(89, 3, '2022-03-30', 100, '2021-12-30 17:00:00', '2021-12-02 17:00:00'),
(90, 3, '2022-03-31', 100, '2021-12-30 17:00:00', '2021-12-02 17:00:00');

-- --------------------------------------------------------

--
-- Struktur dari tabel `migrations`
--

CREATE TABLE `migrations` (
  `id` int(10) UNSIGNED NOT NULL,
  `migration` varchar(255) COLLATE utf8mb4_unicode_ci NOT NULL,
  `batch` int(11) NOT NULL
) ENGINE=InnoDB DEFAULT CHARSET=utf8mb4 COLLATE=utf8mb4_unicode_ci;

--
-- Dumping data untuk tabel `migrations`
--

INSERT INTO `migrations` (`id`, `migration`, `batch`) VALUES
(1, '2014_10_12_000000_create_users_table', 1),
(2, '2014_10_12_100000_create_password_resets_table', 1),
(3, '2019_08_19_000000_create_failed_jobs_table', 1),
(4, '2019_12_14_000001_create_personal_access_tokens_table', 1),
(5, '2021_09_01_143657_create_pesanans_table', 1),
(6, '2021_09_01_144145_create_wisatawans_table', 1),
(7, '2021_09_01_144601_create_tikets_table', 1),
(8, '2021_09_29_135457_create_wisatawan_anggotas_table', 1),
(9, '2021_10_02_061510_create_kebangsaans_table', 1),
(10, '2021_11_08_134036_create_notifikasis_table', 1),
(11, '2022_01_29_113553_create_cetak_pdfs_table', 1),
(12, '2022_01_29_114859_create_cities_table', 1),
(13, '2022_01_29_114925_create_provinces_table', 1),
(14, '2022_01_29_115533_create_kuotas_table', 1),
(15, '2022_01_29_115551_create_periodes_table', 1),
(16, '2022_01_29_120145_add_forign_key_add_periode_id_column_to_kuotas_table', 1);

-- --------------------------------------------------------

--
-- Struktur dari tabel `notifikasis`
--

CREATE TABLE `notifikasis` (
  `id` bigint(20) UNSIGNED NOT NULL,
  `user_id` int(11) NOT NULL,
  `pesanan_id` int(11) NOT NULL,
  `read` tinyint(1) NOT NULL DEFAULT 0,
  `created_at` timestamp NULL DEFAULT NULL,
  `updated_at` timestamp NULL DEFAULT NULL
) ENGINE=InnoDB DEFAULT CHARSET=utf8mb4 COLLATE=utf8mb4_unicode_ci;

--
-- Dumping data untuk tabel `notifikasis`
--

INSERT INTO `notifikasis` (`id`, `user_id`, `pesanan_id`, `read`, `created_at`, `updated_at`) VALUES
(1, 3, 1, 0, '2022-01-30 12:14:24', '2022-01-30 12:14:24'),
(2, 3, 2, 0, '2022-01-30 14:10:18', '2022-01-30 14:10:18'),
(3, 3, 3, 0, '2022-01-30 14:13:40', '2022-01-30 14:13:40'),
(4, 3, 4, 1, '2022-02-07 15:05:45', '2022-03-01 03:01:32');

-- --------------------------------------------------------

--
-- Struktur dari tabel `password_resets`
--

CREATE TABLE `password_resets` (
  `email` varchar(255) COLLATE utf8mb4_unicode_ci NOT NULL,
  `token` varchar(255) COLLATE utf8mb4_unicode_ci NOT NULL,
  `created_at` timestamp NULL DEFAULT NULL
) ENGINE=InnoDB DEFAULT CHARSET=utf8mb4 COLLATE=utf8mb4_unicode_ci;

-- --------------------------------------------------------

--
-- Struktur dari tabel `periodes`
--

CREATE TABLE `periodes` (
  `id` bigint(20) UNSIGNED NOT NULL,
  `bulan` varchar(255) COLLATE utf8mb4_unicode_ci NOT NULL,
  `created_at` timestamp NULL DEFAULT NULL,
  `updated_at` timestamp NULL DEFAULT NULL
) ENGINE=InnoDB DEFAULT CHARSET=utf8mb4 COLLATE=utf8mb4_unicode_ci;

--
-- Dumping data untuk tabel `periodes`
--

INSERT INTO `periodes` (`id`, `bulan`, `created_at`, `updated_at`) VALUES
(1, 'Januari 2022', NULL, NULL),
(2, 'Februari 2022', NULL, NULL),
(3, 'Maret 2022', NULL, NULL),
(4, 'April 2022', NULL, NULL),
(5, 'Mei 2022', NULL, NULL),
(6, 'Juni 2022', NULL, NULL),
(7, 'Juli 2022', NULL, NULL),
(8, 'Agustus 2022', NULL, NULL),
(9, 'September 2022', NULL, NULL),
(10, 'Oktober 2022', NULL, NULL),
(11, 'November 2022', NULL, NULL),
(12, 'Desember 2022', NULL, NULL),
(13, 'Januari 2023', NULL, NULL),
(14, 'Februari 2023', NULL, NULL),
(15, 'Maret 2023', NULL, NULL),
(16, 'April 2023', NULL, NULL),
(17, 'Mei 2023', NULL, NULL),
(18, 'Juni 2023', NULL, NULL),
(19, 'Juli 2023', NULL, NULL),
(20, 'Agustus 2023', NULL, NULL),
(21, 'September 2023', NULL, NULL),
(22, 'Oktober 2023', NULL, NULL),
(23, 'November 2023', NULL, NULL),
(24, 'Desember 2023', NULL, NULL);

-- --------------------------------------------------------

--
-- Struktur dari tabel `personal_access_tokens`
--

CREATE TABLE `personal_access_tokens` (
  `id` bigint(20) UNSIGNED NOT NULL,
  `tokenable_type` varchar(255) COLLATE utf8mb4_unicode_ci NOT NULL,
  `tokenable_id` bigint(20) UNSIGNED NOT NULL,
  `name` varchar(255) COLLATE utf8mb4_unicode_ci NOT NULL,
  `token` varchar(64) COLLATE utf8mb4_unicode_ci NOT NULL,
  `abilities` text COLLATE utf8mb4_unicode_ci DEFAULT NULL,
  `last_used_at` timestamp NULL DEFAULT NULL,
  `created_at` timestamp NULL DEFAULT NULL,
  `updated_at` timestamp NULL DEFAULT NULL
) ENGINE=InnoDB DEFAULT CHARSET=utf8mb4 COLLATE=utf8mb4_unicode_ci;

-- --------------------------------------------------------

--
-- Struktur dari tabel `pesanans`
--

CREATE TABLE `pesanans` (
  `id` bigint(20) UNSIGNED NOT NULL,
  `ketua_id` int(11) DEFAULT NULL,
  `kode_pesanan` varchar(255) COLLATE utf8mb4_unicode_ci DEFAULT NULL,
  `tanggal_pesan` datetime NOT NULL,
  `maksimal_pembayaran` datetime NOT NULL,
  `status_pemesanan` varchar(255) COLLATE utf8mb4_unicode_ci DEFAULT NULL,
  `biaya_tiket` int(11) DEFAULT NULL,
  `total_harga` int(11) DEFAULT NULL,
  `jumlah_tiket` int(11) NOT NULL,
  `upload_bukti` varchar(255) COLLATE utf8mb4_unicode_ci DEFAULT NULL,
  `created_at` timestamp NULL DEFAULT NULL,
  `updated_at` timestamp NULL DEFAULT NULL
) ENGINE=InnoDB DEFAULT CHARSET=utf8mb4 COLLATE=utf8mb4_unicode_ci;

--
-- Dumping data untuk tabel `pesanans`
--

INSERT INTO `pesanans` (`id`, `ketua_id`, `kode_pesanan`, `tanggal_pesan`, `maksimal_pembayaran`, `status_pemesanan`, `biaya_tiket`, `total_harga`, `jumlah_tiket`, `upload_bukti`, `created_at`, `updated_at`) VALUES
(1, 1, 'RAUNG-3012022001', '2022-01-30 19:14:24', '2022-01-31 00:14:24', 'Pengajuan', 90000, 90000, 2, NULL, '2022-01-30 12:14:24', '2022-01-30 12:14:24'),
(2, 2, 'RAUNG-3012022002', '2022-01-30 21:10:18', '2022-01-31 02:10:18', 'Disetujui', 90000, 90000, 2, NULL, '2022-01-30 14:10:18', '2022-01-30 14:10:18'),
(3, 3, 'RAUNG-3012022003', '2022-01-30 21:13:40', '2022-01-31 02:13:40', 'Disetujui', 90000, 90000, 2, NULL, '2022-01-30 14:13:40', '2022-01-30 14:13:40'),
(4, 4, 'RAUNG-722022004', '2022-02-07 22:05:45', '2022-02-08 03:05:45', 'Disetujui', 180000, 180000, 2, NULL, '2022-02-07 15:05:45', '2022-03-01 03:00:11');

-- --------------------------------------------------------

--
-- Struktur dari tabel `provinces`
--

CREATE TABLE `provinces` (
  `id` bigint(20) UNSIGNED NOT NULL,
  `country_id` int(10) UNSIGNED NOT NULL,
  `province_id` int(10) UNSIGNED NOT NULL,
  `name` varchar(255) COLLATE utf8mb4_unicode_ci NOT NULL,
  `created_at` timestamp NULL DEFAULT NULL,
  `updated_at` timestamp NULL DEFAULT NULL
) ENGINE=InnoDB DEFAULT CHARSET=utf8mb4 COLLATE=utf8mb4_unicode_ci;

--
-- Dumping data untuk tabel `provinces`
--

INSERT INTO `provinces` (`id`, `country_id`, `province_id`, `name`, `created_at`, `updated_at`) VALUES
(1, 104, 1, 'Bali', '2021-08-04 04:17:59', '2021-08-04 04:17:59'),
(2, 104, 2, 'Bangka Belitung', '2021-08-04 04:33:07', '2021-08-04 04:33:07'),
(3, 104, 3, 'Banten', '2021-08-04 04:33:09', '2021-08-04 04:33:09'),
(4, 104, 4, 'Bengkulu', '2021-08-04 04:33:10', '2021-08-04 04:33:10'),
(5, 104, 5, 'DI Yogyakarta', '2021-08-04 04:33:12', '2021-08-04 04:33:12'),
(6, 104, 6, 'DKI Jakarta', '2021-08-04 04:33:13', '2021-08-04 04:33:13'),
(7, 104, 7, 'Gorontalo', '2021-08-04 04:33:15', '2021-08-04 04:33:15'),
(8, 104, 8, 'Jambi', '2021-08-04 04:33:16', '2021-08-04 04:33:16'),
(9, 104, 9, 'Jawa Barat', '2021-08-04 04:33:18', '2021-08-04 04:33:18'),
(10, 104, 10, 'Jawa Tengah', '2021-08-04 04:33:20', '2021-08-04 04:33:20'),
(11, 104, 11, 'Jawa Timur', '2021-08-04 04:33:21', '2021-08-04 04:33:21'),
(12, 104, 12, 'Kalimantan Barat', '2021-08-04 04:33:23', '2021-08-04 04:33:23'),
(13, 104, 13, 'Kalimantan Selatan', '2021-08-04 04:33:24', '2021-08-04 04:33:24'),
(14, 104, 14, 'Kalimantan Tengah', '2021-08-04 04:33:26', '2021-08-04 04:33:26'),
(15, 104, 15, 'Kalimantan Timur', '2021-08-04 04:33:28', '2021-08-04 04:33:28'),
(16, 104, 16, 'Kalimantan Utara', '2021-08-04 04:33:29', '2021-08-04 04:33:29'),
(17, 104, 17, 'Kepulauan Riau', '2021-08-04 04:33:31', '2021-08-04 04:33:31'),
(18, 104, 18, 'Lampung', '2021-08-04 04:33:32', '2021-08-04 04:33:32'),
(19, 104, 19, 'Maluku', '2021-08-04 04:33:34', '2021-08-04 04:33:34'),
(20, 104, 20, 'Maluku Utara', '2021-08-04 04:33:35', '2021-08-04 04:33:35'),
(21, 104, 21, 'Nanggroe Aceh Darussalam (NAD)', '2021-08-04 04:33:37', '2021-08-04 04:33:37'),
(22, 104, 22, 'Nusa Tenggara Barat (NTB)', '2021-08-04 04:33:39', '2021-08-04 04:33:39'),
(23, 104, 23, 'Nusa Tenggara Timur (NTT)', '2021-08-04 04:33:40', '2021-08-04 04:33:40'),
(24, 104, 24, 'Papua', '2021-08-04 04:33:42', '2021-08-04 04:33:42'),
(25, 104, 25, 'Papua Barat', '2021-08-04 04:33:43', '2021-08-04 04:33:43'),
(26, 104, 26, 'Riau', '2021-08-04 04:33:45', '2021-08-04 04:33:45'),
(27, 104, 27, 'Sulawesi Barat', '2021-08-04 04:33:47', '2021-08-04 04:33:47'),
(28, 104, 28, 'Sulawesi Selatan', '2021-08-04 04:33:48', '2021-08-04 04:33:48'),
(29, 104, 29, 'Sulawesi Tengah', '2021-08-04 04:33:50', '2021-08-04 04:33:50'),
(30, 104, 30, 'Sulawesi Tenggara', '2021-08-04 04:33:51', '2021-08-04 04:33:51'),
(31, 104, 31, 'Sulawesi Utara', '2021-08-04 04:33:53', '2021-08-04 04:33:53'),
(32, 104, 32, 'Sumatera Barat', '2021-08-04 04:33:54', '2021-08-04 04:33:54'),
(33, 104, 33, 'Sumatera Selatan', '2021-08-04 04:33:56', '2021-08-04 04:33:56'),
(34, 104, 34, 'Sumatera Utara', '2021-08-04 04:33:58', '2021-08-04 04:33:58');

-- --------------------------------------------------------

--
-- Struktur dari tabel `tikets`
--

CREATE TABLE `tikets` (
  `id` bigint(20) UNSIGNED NOT NULL,
  `nama` varchar(255) COLLATE utf8mb4_unicode_ci NOT NULL,
  `harga` int(11) NOT NULL,
  `asuransi` int(11) NOT NULL,
  `created_at` timestamp NULL DEFAULT NULL,
  `updated_at` timestamp NULL DEFAULT NULL
) ENGINE=InnoDB DEFAULT CHARSET=utf8mb4 COLLATE=utf8mb4_unicode_ci;

--
-- Dumping data untuk tabel `tikets`
--

INSERT INTO `tikets` (`id`, `nama`, `harga`, `asuransi`, `created_at`, `updated_at`) VALUES
(1, 'Nusantara', 45000, 5000, '2022-01-29 12:39:24', '2022-01-29 12:39:24'),
(2, 'Mancanegara', 90000, 5000, '2022-01-29 12:39:43', '2022-01-29 12:39:43');

-- --------------------------------------------------------

--
-- Struktur dari tabel `users`
--

CREATE TABLE `users` (
  `id` bigint(20) UNSIGNED NOT NULL,
  `username` varchar(255) COLLATE utf8mb4_unicode_ci NOT NULL,
  `name` varchar(255) COLLATE utf8mb4_unicode_ci NOT NULL,
  `email` varchar(255) COLLATE utf8mb4_unicode_ci NOT NULL,
  `level` varchar(255) COLLATE utf8mb4_unicode_ci NOT NULL,
  `jenis_kelamin` varchar(255) COLLATE utf8mb4_unicode_ci DEFAULT NULL,
  `no_hp` varchar(255) COLLATE utf8mb4_unicode_ci DEFAULT NULL,
  `foto` varchar(255) COLLATE utf8mb4_unicode_ci DEFAULT NULL,
  `email_verified_at` timestamp NULL DEFAULT NULL,
  `password` varchar(255) COLLATE utf8mb4_unicode_ci NOT NULL,
  `remember_token` varchar(100) COLLATE utf8mb4_unicode_ci DEFAULT NULL,
  `created_at` timestamp NULL DEFAULT NULL,
  `updated_at` timestamp NULL DEFAULT NULL
) ENGINE=InnoDB DEFAULT CHARSET=utf8mb4 COLLATE=utf8mb4_unicode_ci;

--
-- Dumping data untuk tabel `users`
--

INSERT INTO `users` (`id`, `username`, `name`, `email`, `level`, `jenis_kelamin`, `no_hp`, `foto`, `email_verified_at`, `password`, `remember_token`, `created_at`, `updated_at`) VALUES
(1, 'lutfidwiprayoga', 'Lutfi Dwi Prayoga', 'upikbanyuwangi123@gmail.com', 'admin', 'Laki-laki', '081339346560', 'KTM.jpeg', '2022-01-29 12:17:48', '$2y$10$6ExuSsv7ty5aDnaDkg0v9.batluiRaEwDgCBFrPjhf4nVZdJANQIi', NULL, '2022-01-29 12:06:12', '2022-01-29 12:38:59'),
(2, 'raung', 'raung', 'adminraung@gmail.com', 'admin', NULL, NULL, 'Mt.Raung 3344 MDPL.jpg', '2022-01-29 12:41:36', '$2y$10$dKiBfPDiL.ZOWp9TKfWOv.x7bJLQGyzyhvxVl64hZvi//4mK1xrO.', NULL, '2022-01-29 12:06:12', '2022-01-29 12:42:34'),
(3, 'erikpokentol', 'Erik Pokentol', 'erik@gmail.com', 'wisatawan', 'Laki-laki', '082222222222', '9831new.jpg', '2022-01-29 13:00:04', '$2y$10$Uohzo/tFF1ighgRWaQx6I.n54D0olXZ2tFd/tmv48Xcz2VmoMUKGG', NULL, '2022-01-29 12:59:43', '2022-01-29 13:01:39');

-- --------------------------------------------------------

--
-- Struktur dari tabel `wisatawans`
--

CREATE TABLE `wisatawans` (
  `id` int(10) UNSIGNED NOT NULL,
  `user_id` bigint(20) UNSIGNED DEFAULT NULL,
  `kebangsaan_id` bigint(20) UNSIGNED DEFAULT NULL,
  `tanggal_naik` int(10) UNSIGNED NOT NULL,
  `tanggal_turun` date NOT NULL,
  `jenis_identitas` varchar(255) COLLATE utf8mb4_unicode_ci NOT NULL,
  `nomor_identitas` varchar(255) COLLATE utf8mb4_unicode_ci NOT NULL,
  `nama` varchar(255) COLLATE utf8mb4_unicode_ci NOT NULL,
  `email` varchar(255) COLLATE utf8mb4_unicode_ci NOT NULL,
  `tanggal_lahir` date NOT NULL,
  `jenis_kelamin` varchar(255) COLLATE utf8mb4_unicode_ci NOT NULL,
  `alamat` varchar(255) COLLATE utf8mb4_unicode_ci NOT NULL,
  `no_hp` varchar(255) COLLATE utf8mb4_unicode_ci NOT NULL,
  `asal_kota` int(11) DEFAULT NULL,
  `provinsi` int(11) DEFAULT NULL,
  `pekerjaan` varchar(255) COLLATE utf8mb4_unicode_ci NOT NULL,
  `foto_identitas` varchar(255) COLLATE utf8mb4_unicode_ci NOT NULL,
  `created_at` timestamp NULL DEFAULT NULL,
  `updated_at` timestamp NULL DEFAULT NULL
) ENGINE=InnoDB DEFAULT CHARSET=utf8mb4 COLLATE=utf8mb4_unicode_ci;

--
-- Dumping data untuk tabel `wisatawans`
--

INSERT INTO `wisatawans` (`id`, `user_id`, `kebangsaan_id`, `tanggal_naik`, `tanggal_turun`, `jenis_identitas`, `nomor_identitas`, `nama`, `email`, `tanggal_lahir`, `jenis_kelamin`, `alamat`, `no_hp`, `asal_kota`, `provinsi`, `pekerjaan`, `foto_identitas`, `created_at`, `updated_at`) VALUES
(1, 3, 1, 42, '2022-02-15', 'KTP', '3551123345678212', 'Erik Pokentol', 'erik@gmail.com', '1999-10-16', 'Laki-laki', 'Bomo', '082123451234', 2, 11, 'Pelajar/Mahasiswa', '1643544864.jpg', '2022-01-30 12:14:24', '2022-01-30 12:14:24'),
(2, 3, 1, 36, '2022-02-09', 'KTP', '3554212345678923', 'Erik Pokentol', 'erik@gmail.com', '1999-05-15', 'Laki-laki', 'Banyuwangi Bomo', '0898762212345', 8, 15, 'Pelajar/Mahasiswa', '1643551818.png', '2022-01-30 14:10:18', '2022-01-30 14:10:18'),
(3, 3, 1, 36, '2022-02-09', 'KTP', '3554212345678923', 'Erik Pokentol', 'erik@gmail.com', '1999-05-15', 'Laki-laki', 'Banyuwangi Bomo', '0898762212345', 8, 15, 'Pelajar/Mahasiswa', '1643552020.png', '2022-01-30 14:13:40', '2022-01-30 14:13:40'),
(4, 3, 170, 56, '2022-03-01', 'KTP', '355123462123465', 'Pokentol Erik', 'erik@gmail.com', '1999-05-21', 'Laki-laki', 'Palestine Jalur Gaza', '088721234312', NULL, NULL, 'Pegawai Swasta', '1644246345.png', '2022-02-07 15:05:45', '2022-02-07 15:05:45');

-- --------------------------------------------------------

--
-- Struktur dari tabel `wisatawan_anggotas`
--

CREATE TABLE `wisatawan_anggotas` (
  `id` int(10) UNSIGNED NOT NULL,
  `ketua_id` bigint(20) UNSIGNED NOT NULL,
  `kebangsaan_id` bigint(20) UNSIGNED NOT NULL,
  `jenis_identitas` varchar(255) COLLATE utf8mb4_unicode_ci NOT NULL,
  `nomor_identitas` varchar(255) COLLATE utf8mb4_unicode_ci NOT NULL,
  `nama` varchar(255) COLLATE utf8mb4_unicode_ci NOT NULL,
  `tanggal_lahir` date NOT NULL,
  `jenis_kelamin` varchar(255) COLLATE utf8mb4_unicode_ci NOT NULL,
  `alamat` varchar(255) COLLATE utf8mb4_unicode_ci NOT NULL,
  `no_hp` varchar(255) COLLATE utf8mb4_unicode_ci NOT NULL,
  `created_at` timestamp NULL DEFAULT NULL,
  `updated_at` timestamp NULL DEFAULT NULL
) ENGINE=InnoDB DEFAULT CHARSET=utf8mb4 COLLATE=utf8mb4_unicode_ci;

--
-- Dumping data untuk tabel `wisatawan_anggotas`
--

INSERT INTO `wisatawan_anggotas` (`id`, `ketua_id`, `kebangsaan_id`, `jenis_identitas`, `nomor_identitas`, `nama`, `tanggal_lahir`, `jenis_kelamin`, `alamat`, `no_hp`, `created_at`, `updated_at`) VALUES
(1, 1, 1, 'KTP', '3552212345212345', 'Malik', '1999-05-21', 'Laki-laki', 'Blimbingsari', '085221223452', '2022-01-30 12:14:24', '2022-01-30 12:14:24'),
(2, 2, 1, 'KTP', '3554123457321345', 'Jihan', '2000-02-22', 'Perempuan', 'Banyuwangi Srono', '087877652124', '2022-01-30 14:10:18', '2022-01-30 14:10:18'),
(3, 3, 1, 'KTP', '3554123457321345', 'Jihan', '2000-02-22', 'Perempuan', 'Banyuwangi Srono', '087877652124', '2022-01-30 14:13:40', '2022-01-30 14:13:40'),
(4, 4, 170, 'KTP', '3541234562123452', 'Umar', '1999-05-07', 'Laki-laki', 'Gaza', '087872123452', '2022-02-07 15:05:45', '2022-03-08 12:07:27');

--
-- Indexes for dumped tables
--

--
-- Indeks untuk tabel `cetak_pdfs`
--
ALTER TABLE `cetak_pdfs`
  ADD PRIMARY KEY (`id`);

--
-- Indeks untuk tabel `cities`
--
ALTER TABLE `cities`
  ADD PRIMARY KEY (`id`);

--
-- Indeks untuk tabel `failed_jobs`
--
ALTER TABLE `failed_jobs`
  ADD PRIMARY KEY (`id`),
  ADD UNIQUE KEY `failed_jobs_uuid_unique` (`uuid`);

--
-- Indeks untuk tabel `kebangsaans`
--
ALTER TABLE `kebangsaans`
  ADD PRIMARY KEY (`id`);

--
-- Indeks untuk tabel `kuotas`
--
ALTER TABLE `kuotas`
  ADD PRIMARY KEY (`id`),
  ADD KEY `kuotas_periode_id_foreign` (`periode_id`);

--
-- Indeks untuk tabel `migrations`
--
ALTER TABLE `migrations`
  ADD PRIMARY KEY (`id`);

--
-- Indeks untuk tabel `notifikasis`
--
ALTER TABLE `notifikasis`
  ADD PRIMARY KEY (`id`);

--
-- Indeks untuk tabel `password_resets`
--
ALTER TABLE `password_resets`
  ADD KEY `password_resets_email_index` (`email`);

--
-- Indeks untuk tabel `periodes`
--
ALTER TABLE `periodes`
  ADD PRIMARY KEY (`id`);

--
-- Indeks untuk tabel `personal_access_tokens`
--
ALTER TABLE `personal_access_tokens`
  ADD PRIMARY KEY (`id`),
  ADD UNIQUE KEY `personal_access_tokens_token_unique` (`token`),
  ADD KEY `personal_access_tokens_tokenable_type_tokenable_id_index` (`tokenable_type`,`tokenable_id`);

--
-- Indeks untuk tabel `pesanans`
--
ALTER TABLE `pesanans`
  ADD PRIMARY KEY (`id`);

--
-- Indeks untuk tabel `provinces`
--
ALTER TABLE `provinces`
  ADD PRIMARY KEY (`id`);

--
-- Indeks untuk tabel `tikets`
--
ALTER TABLE `tikets`
  ADD PRIMARY KEY (`id`);

--
-- Indeks untuk tabel `users`
--
ALTER TABLE `users`
  ADD PRIMARY KEY (`id`),
  ADD UNIQUE KEY `users_email_unique` (`email`);

--
-- Indeks untuk tabel `wisatawans`
--
ALTER TABLE `wisatawans`
  ADD PRIMARY KEY (`id`);

--
-- Indeks untuk tabel `wisatawan_anggotas`
--
ALTER TABLE `wisatawan_anggotas`
  ADD PRIMARY KEY (`id`);

--
-- AUTO_INCREMENT untuk tabel yang dibuang
--

--
-- AUTO_INCREMENT untuk tabel `cetak_pdfs`
--
ALTER TABLE `cetak_pdfs`
  MODIFY `id` bigint(20) UNSIGNED NOT NULL AUTO_INCREMENT, AUTO_INCREMENT=5;

--
-- AUTO_INCREMENT untuk tabel `cities`
--
ALTER TABLE `cities`
  MODIFY `id` bigint(20) UNSIGNED NOT NULL AUTO_INCREMENT, AUTO_INCREMENT=502;

--
-- AUTO_INCREMENT untuk tabel `failed_jobs`
--
ALTER TABLE `failed_jobs`
  MODIFY `id` bigint(20) UNSIGNED NOT NULL AUTO_INCREMENT;

--
-- AUTO_INCREMENT untuk tabel `kebangsaans`
--
ALTER TABLE `kebangsaans`
  MODIFY `id` bigint(20) UNSIGNED NOT NULL AUTO_INCREMENT, AUTO_INCREMENT=250;

--
-- AUTO_INCREMENT untuk tabel `kuotas`
--
ALTER TABLE `kuotas`
  MODIFY `id` bigint(20) UNSIGNED NOT NULL AUTO_INCREMENT, AUTO_INCREMENT=91;

--
-- AUTO_INCREMENT untuk tabel `migrations`
--
ALTER TABLE `migrations`
  MODIFY `id` int(10) UNSIGNED NOT NULL AUTO_INCREMENT, AUTO_INCREMENT=17;

--
-- AUTO_INCREMENT untuk tabel `notifikasis`
--
ALTER TABLE `notifikasis`
  MODIFY `id` bigint(20) UNSIGNED NOT NULL AUTO_INCREMENT, AUTO_INCREMENT=5;

--
-- AUTO_INCREMENT untuk tabel `periodes`
--
ALTER TABLE `periodes`
  MODIFY `id` bigint(20) UNSIGNED NOT NULL AUTO_INCREMENT, AUTO_INCREMENT=25;

--
-- AUTO_INCREMENT untuk tabel `personal_access_tokens`
--
ALTER TABLE `personal_access_tokens`
  MODIFY `id` bigint(20) UNSIGNED NOT NULL AUTO_INCREMENT;

--
-- AUTO_INCREMENT untuk tabel `pesanans`
--
ALTER TABLE `pesanans`
  MODIFY `id` bigint(20) UNSIGNED NOT NULL AUTO_INCREMENT, AUTO_INCREMENT=5;

--
-- AUTO_INCREMENT untuk tabel `provinces`
--
ALTER TABLE `provinces`
  MODIFY `id` bigint(20) UNSIGNED NOT NULL AUTO_INCREMENT, AUTO_INCREMENT=35;

--
-- AUTO_INCREMENT untuk tabel `tikets`
--
ALTER TABLE `tikets`
  MODIFY `id` bigint(20) UNSIGNED NOT NULL AUTO_INCREMENT, AUTO_INCREMENT=3;

--
-- AUTO_INCREMENT untuk tabel `users`
--
ALTER TABLE `users`
  MODIFY `id` bigint(20) UNSIGNED NOT NULL AUTO_INCREMENT, AUTO_INCREMENT=4;

--
-- AUTO_INCREMENT untuk tabel `wisatawans`
--
ALTER TABLE `wisatawans`
  MODIFY `id` int(10) UNSIGNED NOT NULL AUTO_INCREMENT, AUTO_INCREMENT=5;

--
-- AUTO_INCREMENT untuk tabel `wisatawan_anggotas`
--
ALTER TABLE `wisatawan_anggotas`
  MODIFY `id` int(10) UNSIGNED NOT NULL AUTO_INCREMENT, AUTO_INCREMENT=5;

--
-- Ketidakleluasaan untuk tabel pelimpahan (Dumped Tables)
--

--
-- Ketidakleluasaan untuk tabel `kuotas`
--
ALTER TABLE `kuotas`
  ADD CONSTRAINT `kuotas_periode_id_foreign` FOREIGN KEY (`periode_id`) REFERENCES `periodes` (`id`) ON DELETE CASCADE ON UPDATE CASCADE;
COMMIT;

/*!40101 SET CHARACTER_SET_CLIENT=@OLD_CHARACTER_SET_CLIENT */;
/*!40101 SET CHARACTER_SET_RESULTS=@OLD_CHARACTER_SET_RESULTS */;
/*!40101 SET COLLATION_CONNECTION=@OLD_COLLATION_CONNECTION */;
